Marca;Nombre;;Precio Und;Precio XM
AFNAN;AFNAN 9 PM ELIXIR PARFUM 100 ML EDP ;NUEVO; $30.882 ; $29.882 
AFNAN;AFNAN 9 PM MEN EDP 150 ML ;; $34.580 ; $33.580 
AFNAN;AFNAN TRIBUTE HOMBRE 100 ML EDP ;; $24.924 ; $23.924 
AFNAN;AFNAN TURATHI ELECTRIC EDP 90 ML ;; $35.840 ; $34.840 
Agua Brava;ANTONIO PUIG AGUA BRAVA EDC 100 ML HOMBRE ;; $13.235 ; $12.235 
Ajmal;AJMAL SHADOW ICE FOR HIM EDP 75 ML ;; $19.966 ; $18.966 
Al Haramain;AL HARAMAIN AMBER OUD AQUA DUBAI EXTRAIT DE PARFUM 100 ML UNISEX ;NUEVO; $41.807 ; $40.807 
Al Haramain;AL HARAMAIN AMBER OUD AQUA DUBAI EXTRAIT DE PARFUM 75 ML ;NUEVO; $45.176 ; $44.176 
Al Haramain;AL HARAMAIN AMBER OUD GOLD 100ML EDP ;; $38.454 ; $37.454 
Al Haramain;AL HARAMAIN AMBER OUD GOLD DUBAI 999.9 EDITION EXTRAIT DE PARFUM 100 ML ;NUEVO; $44.328 ; $43.328 
Al Haramain;AL HARAMAIN AMBER OUD PRIVATE EDITION UNISEX 60 ML EDP ;; $33.412 ; $32.412 
AL HARAMAIN;AL HARAMAIN AMBER OUD ROUGE MUJER 60ML EDP ;; $25.849 ; $24.849 
Al Haramain;AL HARAMAIN FENCH COLLECTION BLANCHE 100 ML EDP ;; $30.891 ; $29.891 
AL HARAMAIN;AL HARAMAIN FRENCH COLLECTION AZURE HOMBRE 100 ML EDP ;; $25.008 ; $24.008 
AL HARAMAIN;AL HARAMAIN FRENCH COLLECTION DESTINO MUJER 100 ML EDP ;; $25.008 ; $24.008 
Al Haramain;AL HARAMAIN FRENCH COLLECTION NOIR 100 ML EDP ;; $27.529 ; $26.529 
AL HARAMAIN;AL HARAMAIN FRENCH COLLECTION ROUGE UNISEX 100 ML EDP ;; $27.529 ; $26.529 
AL HARAMAIN;AL HARAMAIN GOLD EDITION 120ML EXTRAIT DE PARFUM ;; $43.487 ; $42.487 
Al Haramain;AL HARAMAIN HAYATI HOMBRE 100 ML EDP ;; $20.807 ; $19.807 
Al Haramain;AL HARAMAIN LAVENTURE BLANCHE UNISEX 100ML EDP ;; $24.168 ; $23.168 
Al Haramain;AL HARAMAIN MUSK COLLECTION 100 ML EDP ;; $27.529 ; $26.529 
AL HARAMAIN;AL HARAMAIN MUSK MALAKI UNISEX 100 ML EDP ;; $25.008 ; $24.008 
AL HARAMAIN;AL HARAMAIN ROYAL MUSK 100 ML EDP ;; $25.008 ; $24.008 
Al Haramain;AL HARAMAIN RUBY EDITION AMBER OUD UNISEX 60ML EDP ;; $25.008 ; $24.008 
AL HARAMAIN;AL HARAMAIN RUBY EDITION WOMAN 100ML EXTRAIT DE PARFUM ;; $34.252 ; $33.252 
Al Haramain;AL HARAMAIN ULTRA VIOLET MUJER 60 ML EDP ;; $36.773 ; $35.773 
ANFAR;ANFAR DUBAI CHOCOLATE PISTACHO 80ML EDP UNISEX ;; $24.588 ; $23.588 
ANTONIO BANDERAS;ANTONIO BANDERAS  BLUE SEDUCTION EDT MUJER 80 ML ;; $16.176 ; $15.176 
ANTONIO BANDERAS;ANTONIO BANDERAS BLUE SEDUCTION MAN 100ML EDT ;; $15.756 ; $14.756 
Antonio Banderas;ANTONIO BANDERAS BLUE SEDUCTION MUJER 200ML EDT ;; $21.639 ; $20.639 
Antonio Banderas;ANTONIO BANDERAS KING OF SEDUCTION 100ML ;; $16.176 ; $15.176 
Antonio Banderas;ANTONIO BANDERAS KING OF SEDUCTION MAN 200ML EDT ;; $20.378 ; $19.378 
Antonio Banderas;ANTONIO BANDERAS THE ICON 100 ML EDT ;; $18.277 ; $17.277 
ANTONIO BANDERAS;ANTONIO BANDERAS THE ICON ELIXIR 100ML EDP ;; $20.798 ; $19.798 
ANTONIO BANDERAS;ANTONIO BANDERAS THE SECRET ABSOLU MUJER 80ML ;; $18.202 ; $17.202 
Antonio Banderas;ANTONIO BANDERAS THE SECRET HOMBRE 100ML EDT ;; $17.445 ; $16.445 
Antonio Banderas;TESTER ANTONIO BANDERAS MEDITERRANEO 100 ML EDT ;NUEVO; $10.000 ; $9.000 
ARD AL ZAAFARAN;ARD AL ZAAFARAN HAYAATI EDP 50 ML ;NUEVO; $6.849 ; $5.849 
ARD AL ZAAFARAN;ARD AL ZAAFARAN QAED AL FURSAN EDP 50 ML AAZ ;NUEVO; $6.849 ; $5.849 
Ariana Grande;ARIANA GRANDE CLOUD EAU DE PARFUM INTENSE 2.0 100ML EDP ;NUEVO; $44.916 ; $43.916 
ARIANA GRANDE;ARIANA GRANDE CLOUD MUJER 100ML EDP ;; $43.487 ; $42.487 
ARIANA GRANDE;ARIANA GRANDE CLOUD PINK 100ML EDP ;; $45.168 ; $44.168 
ARIANA GRANDE;ARIANA GRANDE THANK U NEXT MUJER 100ML EDP ;; $37.605 ; $36.605 
ARIANA GRANDE;SWEET LIKE CANDY BY ARIANA GRANDE 100ML EDP ;; $33.403 ; $32.403 
Ariana Grande;TESTER ARIANA GRANDE MOD BLUSH EDP 100 ML ;NUEVO; $30.882 ; $29.882 
Ariana Grande;TESTER ARIANA GRANDE MOD VAINILLA 100ML EDP ;NUEVO; $30.882 ; $29.882 
Ariana Grande;TESTER ARIANA GRANDE SWEET LIKE CANDY MUJER 100 ML EDP ;; $24.160 ; $23.160 
ARIANA GRANDE;TESTER CLOUD ARIANA GRANDE 100ML EDP ;; $35.924 ; $34.924 
ARMAF;ARMAF CLUB DE NUIT ICONIC HOMBRE 105 ML EDP ;NUEVO; $35.756 ; $34.756 
Armaf;ARMAF CLUB DE NUIT INTENSE MAN 105ML EDT ;NUEVO; $26.681 ; $25.681 
ARMAF;ARMAF CLUB DE NUIT MUJER ROSADO 105ML EDP ;NUEVO; $24.160 ; $23.160 
Armaf;ARMAF CLUB DE NUIT OUD PARFUM 105 ML EDP ;; $42.655 ; $41.655 
ARMAF;ARMAF CLUB DE NUIT UNTOLD UNISEX 105 ML EDP ;; $36.345 ; $35.345 
ARMAF;ARMAF CLUB DE NUIT URBAN ELIXIR HOMBRE 105 ML EDP ;; $29.202 ; $28.202 
ARMAF;ARMAF CLUB DE NUIT WOMAN 200ML EDP ;; $35.919 ; $34.919 
ARMAF;ARMAF ISLAND BLISS DELIGHTS EDP 100 ML ;NUEVO; $34.580 ; $33.580 
Armaf;ARMAF MISS VOCE VIVA MUJER 100 ML EDP ;; $22.487 ; $21.487 
ARMAF;ARMAF ODISSEY CANDEE 100ML SPECIAL EDITION ;; $16.597 ; $15.597 
ARMAF;ARMAF ODYSSEY DUBAI CHOCOLAT GOURMAND 100ML ;; $28.370 ; $27.370 
Armaf;ARMAF ODYSSEY HOMME 100 ML EDP HOMBRE ;; $25.168 ; $24.168 
ARMAF;ARMAF ODYSSEY HOMME NEGRO 200ML EDP ;; $32.227 ; $31.227 
ARMAF;ARMAF ODYSSEY LIMONI FRESH 100ML EDP ;; $18.277 ; $17.277 
Armaf;ARMAF ODYSSEY MANDARIN SKY 200ML ;NUEVO; $39.286 ; $38.286 
ARMAF;ARMAF ODYSSEY MANDARIN SKY FOR MEN 100 ML EDP ;NUEVO; $27.521 ; $26.521 
Armaf;ARMAF ODYSSEY TYRANT SPECIAL 100 ML EDP ;; $24.160 ; $23.160 
ARMAF;ARMAF ODYSSEY WHITE EDITION EDP 100 ML HOMBRE ;; $24.160 ; $23.160 
ARMAF;ARMAF VENTANA POUR HOMME 100ML EDP ;; $19.958 ; $18.958 
Armaf;ARMAF YUM YUM EDP 100 ML ;NUEVO; $30.882 ; $29.882 
Armaf;DESODORANTE ARMAF CLUB DE NUIT INTENSE MAN 200ML ;; $6.597 ; $5.597 
Armaf;DESODORANTE ARMAF ODYSSEY CANDEE 200ML ;; $6.597 ; $5.597 
ARMAF;DESODORANTE ARMAF ODYSSEY HOMME WHITE 200ML ;; $6.261 ; $5.261 
ARMAF;DESODORANTE ARMAF ODYSSEY LIMONI 200ML ;; $6.261 ; $5.261 
Armaf;DESODORANTE ARMAF ODYSSEY MANDARIN SKY 200ML ;; $6.765 ; $5.765 
ARMAF;DESODORANTE ARMAF ODYSSEY MEGA LIMITED 200ML ;; $6.261 ; $5.261 
ARMAF;DESODORANTE ARMAF ODYSSEY TYRANT SPECIAL 200ML ;; $6.933 ; $5.933 
ASDAAF;ASAAF ATLANTIS PARFUM UNISEX 100ML EDP ;; $13.235 ; $12.235 
ASDAAF;ASDAAF AMEER AL ARAB BLACK 100ML EDP ;; $14.076 ; $13.076 
Asdaaf;ASDAAF AMEERAT AL ARAB PRIVE ROSE 100 ML EDP ;; $13.992 ; $12.992 
AZZARO;AZZARO THE MOST WANTED EDT INTENSE 100ML ;; $46.008 ; $45.008 
Azzaro;AZZARO THE MOST WANTED EDT INTENSE 50ML ;; $59.118 ; $58.118 
AZZARO;AZZARO THE MOST WANTED HOMBRE EAU DE PARFUM INTENSE 100ML EDP ;; $52.731 ; $51.731 
Azzaro;AZZARO THE MOST WANTED PARFUM HOMBRE 100ML EDP ;; $61.975 ; $60.975 
AZZARO;AZZARO WANTED BY NIGHT HOMBRE 100 ML EDP ;; $51.050 ; $50.050 
Azzaro;AZZARO WANTED EDP 100ML EDP ;; $38.782 ; $37.782 
Azzaro;AZZARO WANTED PARFUM HOMBRE 50 ML EDP ;; $32.983 ; $31.983 
AZZARO;SET AZZARO WANTED 100 ML  +  75 ML  +  10 ML EDT ;NUEVO; $59.622 ; $58.622 
Benetton;BENETTON COLORES MAN GREEN 200 ML EDT ;; $17.866 ; $16.866 
Biotherm;BIOTHERM EAU D'ENERGIE WOMAN 100 ML EDT ;; $16.605 ; $15.605 
BRITNEY SPEARS;BRITNEY SPEARS BLISSFUL MUJER 100 ML EDT ;; $18.286 ; $17.286 
BRITNEY SPEARS;BRITNEY SPEARS CURIOUS MUJER 100 ML EDP ;; $15.765 ; $14.765 
BRITNEY SPEARS;BRITNEY SPEARS FANTASY 100ML EDT ;NUEVO; $20.462 ; $19.462 
Britney Spears;BRITNEY SPEARS NAKED FANTASY MUJER 100ML EDT ;; $17.445 ; $16.445 
BURBERRY;BURBERRY BRIT FOR HER 50 ML EDT ;; $36.008 ; $35.008 
BURBERRY;BURBERRY GODDESS PARFUM 50ML EDP MUJER ;; $62.815 ; $61.815 
BURBERRY;BURBERRY GODDNESS EAU DE PARFUM INTENSE 100 ML ;; $71.218 ; $70.218 
BURBERRY;BURBERRY HERO EDT 50 ML ;; $37.613 ; $36.613 
BURBERRY;BURBERRY HERO HOMBRE 100 ML EDT ;; $51.059 ; $50.059 
BURBERRY;BURBERRY HERO HOMBRE EDP 50 ML ;; $37.613 ; $36.613 
BURBERRY;BURBERRY HERO PARFUM 50ML HOMBRE ;; $50.218 ; $49.218 
BURBERRY;BURBERRY MR BURBERRY INDIGO 50 ML EDT ;; $27.529 ; $26.529 
BURBERRY;BURBERRY TOUCH FOR MAN 50 ML EDT ;; $19.966 ; $18.966 
BURBERRY;BURBERY HERO PARFUM 200ML REFILL ;; $70.387 ; $69.387 
CACHAREL;CACHAREL AMOR AMOR 100ML EDT ;NUEVO; $29.202 ; $28.202 
Cacharel;CACHAREL AMOR AMOR PARFUM MUJER EDP 100ML ;; $33.403 ; $32.403 
CACHAREL;CACHAREL ELLA ELLA 100 ML PARFUM MUJER EDP ;; $54.420 ; $53.420 
Cacharel;CACHAREL NOA 100ML EDT ;NUEVO; $29.202 ; $28.202 
CACHAREL;CACHAREL YES I AM BLOOM UP EDP 30ML MUJER ;NUEVO; $19.958 ; $18.958 
CACHAREL;SET CACHAREL YES I AM BLOOM UP 50 ML + 10 ML EDP ;; $33.403 ; $32.403 
CALVIN KLEIN;CALVIN KLEIN CK BE UNISEX CAJA NEGRA 50ML EDT ;; $14.076 ; $13.076 
CALVIN KLEIN;CALVIN KLEIN CK EVERYONE 50ML EDT ;; $30.714 ; $29.714 
Calvin Klein;CALVIN KLEIN CK EVERYONE UNISEX 20O ML EDT ;; $30.714 ; $29.714 
Calvin Klein;CALVIN KLEIN CK EVETYONE 100ML EDT ;; $30.714 ; $29.714 
CALVIN KLEIN;CALVIN KLEIN CK FREE HOMBRE 100ML EDT ;; $22.395 ; $21.395 
CALVIN KLEIN;CALVIN KLEIN CK FREE HOMBRE 50 ML EDT ;; $14.084 ; $13.084 
CALVIN KLEIN;CALVIN KLEIN CK IN2U MUJER 100ML ;NUEVO; $18.866 ; $17.866 
CALVIN KLEIN;CALVIN KLEIN CK ONE 200ML ;; $27.017 ; $26.017 
CALVIN KLEIN;CALVIN KLEIN CK ONE SHOCK FOR HER 100ML EDT ;NUEVO; $19.874 ; $18.874 
CALVIN KLEIN;CALVIN KLEIN CK ONE SHOCK FOR HIM 100ML EDT ;NUEVO; $21.218 ; $20.218 
CALVIN KLEIN;CALVIN KLEIN CK ONE SHOCK FOR HIM 200ML EDT ;NUEVO; $24.580 ; $23.580 
CALVIN KLEIN;CALVIN KLEIN CKIN2 50 ML HOMBRE EDT ;; $16.513 ; $15.513 
CALVIN KLEIN;CALVIN KLEIN CKIN2U EDT 100 ML HOMBRE ;; $19.118 ; $18.118 
CALVIN KLEIN;CALVIN KLEIN CKIN2U EDT 150 ML MUJER ;; $21.639 ; $20.639 
Calvin Klein;CALVIN KLEIN CKIN2U HOMBRE EDT 150ML ;NUEVO; $21.387 ; $20.387 
CALVIN KLEIN;CALVIN KLEIN CKIN2U WOMAN 50 ML EDT ;; $15.168 ; $14.168 
CALVIN KLEIN;CALVIN KLEIN DEFY HOMBRE 100 ML EDT ;; $27.529 ; $26.529 
CALVIN KLEIN;CALVIN KLEIN EUPHORIA MEN 50 ML EDT ;; $172.067 ; $171.067 
CALVIN KLEIN;CALVIN KLEIN ONE ESSENCE 50ML PARFUM INTENSE ;; $28.370 ; $27.370 
CAROLINA HERRERA;CAROLINA HERRERA 212 HEROES FOREVER YOUNG MUJER 80 ML EDT ;; $78.723 ; $77.723 
CAROLINA HERRERA;CAROLINA HERRERA 212 MAN HÉROES FOREVER YOUNG 100ML EDT ;; $69.874 ; $68.874 
CAROLINA HERRERA;CAROLINA HERRERA 212 MAN NYC EDT 100ML EDT ;; $67.017 ; $66.017 
CAROLINA HERRERA;CAROLINA HERRERA 212 NYC EDT 100 ML MUJER ;; $67.353 ; $66.353 
Carolina Herrera;CAROLINA HERRERA 212 NYC MAN 50ML EDT ;; $49.874 ; $48.874 
CAROLINA HERRERA;CAROLINA HERRERA 212 VIP ARE YOU ON THE LIST 80 ML EDP ;NUEVO; $70.387 ; $69.387 
CAROLINA HERRERA;CAROLINA HERRERA 212 VIP BLACK 100 ML EDP ;; $71.218 ; $70.218 
CAROLINA HERRERA;CAROLINA HERRERA BAD BOY COBALT 100ML EDP HOMBRE ;; $81.303 ; $80.303 
CAROLINA HERRERA;CAROLINA HERRERA BAD BOY EDT 100ML EDT NUEVA PRESENTACIÓN ;NUEVO; $70.387 ; $69.387 
Carolina Herrera;CAROLINA HERRERA BAR BOY SPARKLIN ICE 100ML EDT ;NUEVO; $69.546 ; $68.546 
Carolina Herrera;CAROLINA HERRERA CH WOMAN ROJO PRESENTACION NUEVA MUJER 100 ML EDT ;; $70.387 ; $69.387 
CAROLINA HERRERA;CAROLINA HERRERA GOOD GIRL 80ML EDP ;; $84.664 ; $83.664 
CAROLINA HERRERA;CAROLINA HERRERA GOOD GIRLS BLUSH 100ML EDP ;; $88.025 ; $87.025 
Carolina Herrera;CAROLINA HERRERA VERY GOOD GIRL 80ML EDP ;NUEVO; $86.345 ; $85.345 
CAROLINA HERRERA;TESTER CAROLINA HERRERA 212 NYC EDT 100 ML MUJER ;NUEVO; $54.412 ; $53.412 
DAVIDOFF;DAVIDOFF COOL WATER REBORN MUJER 100 ML EDT ;; $29.454 ; $28.454 
DAVIDOFF;DAVIDOFF COOL WATER REBORN MUJER 50 ML EDT ;; $18.613 ; $17.613 
DAVIDOFF;DAVIDOFF COOL WATER SEA ROSE MUJER 100 ML EDT ;; $16.521 ; $15.521 
Davidoff;DAVIDOFF COOL WATER WAVE 125 ML EDT ;; $20.042 ; $19.042 
DAVIDOFF;DAVIDOFF COOL WATER WOMAN 30ML EDT ;; $18.277 ; $17.277 
Diesel;DIESEL BAD HOMBRE 100ML EDT ;NUEVO; $29.202 ; $28.202 
DIESEL;DIESEL FOR SUCCEFUL LIVING HOMBRE 50 ML EDT ;; $19.874 ; $18.874 
DIESEL;DIESEL FOR SUCCESSFUL LIVING 30ML HOMBRE EDT ;; $16.605 ; $15.605 
DIESEL;DIESEL FOR SUCCESSFUL LIVING HOMBRE 100ML EDT ;; $30.891 ; $29.891 
DIESEL;DIESEL ONLY THE BRAVE 35 ML EDP HOMBRE ;; $19.958 ; $18.958 
DIESEL;DIESEL ONLY THE BRAVE HOMBRE 35ML EDT ;; $17.857 ; $16.857 
DIESEL;DIESEL RED HOMBRE 30 ML EDP ;; $14.924 ; $13.924 
DIESEL;DIESEL RED PARFUM 50ML EDP ;; $20.798 ; $19.798 
DIESEL;SET DIESEL FOR SUCCESSFUL LIVING 100ML + 2X75ML EDT ;; $33.151 ; $32.151 
DIESEL;SET DIESEL RED PARFUM 100ML + 10 + 10ML ;; $40.378 ; $39.378 
DKNY;DKNY 100% BE DELICIOUS MUJER 100ML EDT ;; $26.429 ; $25.429 
DOLCE  And  GABBANA;DOLCE & GABBANA L IMPERATRICE MUJER 100 ML EDT ;; $35.756 ; $34.756 
DOLCE  And  GABBANA;DOLCE & GABBANA LIGHT BLUE POUR HOMME EDT 100 ML ;NUEVO; $49.370 ; $48.370 
Dolce  And  Gabbana;DOLCE & GABBANA PEONY 75ML EDP ;NUEVO; $42.655 ; $41.655 
DOLCE  And  GABBANA;DOLCE & GABBANA POUR FEMME EAU DE PARFUM MUJER 100ML ;NUEVO; $63.235 ; $62.235 
Dolce  And  Gabbana;DOLCE & GABBANA Q BY MUJER 100ML EDT ;; $51.050 ; $50.050 
Dolce  And  Gabbana;DOLCE & GABBANA THE ONE FOR MAN 100ML EDT ;NUEVO; $45.176 ; $44.176 
DOLCE  And  GABBANA;DOLCE GABBANA THE ONE GOLD POUR HOMME EDP INTENSE 100 ML ;NUEVO; $47.697 ; $46.697 
Dolce  And  Gabbana;TESTER DOLCE & GABBANA LIGHT BLUE POUR HOMME 125ML EDT ;NUEVO; $37.605 ; $36.605 
Dolce  And  Gabbana;TESTER DOLCE & GABBANA LIGHT MUJER 100 ML EDT ;NUEVO; $37.605 ; $36.605 
Dolce  And  Gabbana;TESTER DOLCE & GABBANA THE ONLY ONE MUJER 100 ML EDT ;; $41.807 ; $40.807 
DRAKKAR;GUY LAROCHE DRAKKAR NOIR HOMBRE 30 ML EDT ;; $11.555 ; $10.555 
Emporio Armani;STRONGER WITH YOU INTENSELY EDP 50 ML EMPORIO ARMANI ;; $65.168 ; $64.168 
ESCADA;ESCADA BRISA CUBANA WOMAN 50 ML EDT ;; $16.597 ; $15.597 
FRAGANCE WORLD;FRAGANCE WORLD BELLE EDP MUJER 100ML ;; $14.840 ; $13.840 
FRAGANCE WORLD;FRAGANCE WORLD COCKTAIL INTENSE 50ML ;; $7.353 ; $6.353 
FRAGANCE WORLD;FRAGANCE WORLD HAYAATI BEAU 100ML EDP ;NUEVO; $14.496 ; $13.496 
FRAGANCE WORLD;FRAGANCE WORLD IS INTENSE EDP 75 ML ;; $14.076 ; $13.076 
FRAGANCE WORLD;FRAGANCE WORLD IS L`AMOUR INTENSE EDP 75 ML ;; $14.076 ; $13.076 
FRAGANCE WORLD;FRAGANCE WORLD JUST LYCHEE 100 ML EDP WOMAN ;NUEVO; $14.076 ; $13.076 
FRAGANCE WORLD;FRAGANCE WORLD PROUD OF YOU ABSOLUTE  EDP 100ML HOMBRE ;; $14.412 ; $13.412 
FRAGANCE WORLD;FRAGANCE WORLD UR WAY PARFUM 100 ML ;NUEVO; $14.076 ; $13.076 
FRAGANCE WORLD;FRAGANCE WORLD URBAN MAN AMAZE EDP 90 ML ;; $14.916 ; $13.916 
FRAGANCE WORLD;FRAGANCE WORLD URBAN MAN PARADISE EDP 90 ML ;; $14.916 ; $13.916 
FRAGANCE WORLD;FRAGRANCE WORLD CUIR LEATHER 100ML SPR EDP ;; $14.084 ; $13.084 
FRAGANCE WORLD;FRENCH AVENUE LIQUID BRUN EDP 100 ML  HOMBRE ;; $26.681 ; $25.681 
Fragrance World;FRAGANCE WORLD CANALE DI BLUE EAU DE PARFUM 50 ML ;; $6.765 ; $5.765 
Fragrance World;FRAGANCE WORLD COCKTAIL INTENSE UNISEX EDP ;; $14.076 ; $13.076 
Fragrance World;FRAGANCE WORLD HARMONY CODE ABSOLUTE HOMBRE EDP 100 ML ;; $14.412 ; $13.412 
Fragrance World;FRAGANCE WORLD HARMONY CODE INTENSE  EDP 100 ML HOMBRE ;; $14.076 ; $13.076 
Fragrance World;FRAGANCE WORLD HAYAATI ROSE 100ML EDP ;; $14.076 ; $13.076 
Fragrance World;FRAGANCE WORLD IS EDP 75 ML ;; $14.076 ; $13.076 
Fragrance World;FRAGANCE WORLD IS L`AMOUR EDP 75 ML ;; $14.076 ; $13.076 
Fragrance World;FRAGANCE WORLD JUST AZRAQ HOMBRE EDP 100 ML ;NUEVO; $13.655 ; $12.655 
Fragrance World;FRAGANCE WORLD JUST WARDI EDP 100 ML UNISEX ;; $14.076 ; $13.076 
Fragrance World;FRAGANCE WORLD L'UOMO 100 ML EDP HOMBRE ;; $14.504 ; $13.504 
Fragrance World;FRAGANCE WORLD L'UOMO LE INTENSE 100 ML EDP ;NUEVO; $14.504 ; $13.504 
Fragrance World;FRAGANCE WORLD LA UNO MILLION EDP 100ML ;NUEVO; $14.076 ; $13.076 
Fragrance World;FRAGANCE WORLD LA UNO MILLION ELIXIR EDP 100 ML HOMBRE ;; $14.076 ; $13.076 
Fragrance World;FRAGANCE WORLD LA UNO MILLION GOLDEN OUD 100ML EDP ;; $14.076 ; $13.076 
Fragrance World;FRAGANCE WORLD LA UNO MILLION LE PARFUM EDP 100 ML HOMBRE ;; $14.076 ; $13.076 
Fragrance World;FRAGANCE WORLD LA UNO MILLION ROYAL EDP 100 ML ;NUEVO; $14.076 ; $13.076 
Fragrance World;FRAGANCE WORLD PROUD OF YOU INTENSE EDP 100 ML ;; $14.076 ; $13.076 
Fragrance World;FRAGANCE WORLD RENHEIT PARFUM 100ML EDP ;; $14.076 ; $13.076 
Fragrance World;FRAGANCE WORLD SCANDANT POUR HOMME 100ML EDP ;; $14.832 ; $13.832 
Fragrance World;FRAGANCE WORLD UR WAY EDP 100 ML ;NUEVO; $14.076 ; $13.076 
Fragrance World;FRAGANCE WORLD UR WAY INTENSE EDP 100 ML MUJER ;; $14.076 ; $13.076 
Fragrance World;FRAGANCE WORLD URBAN MAN ELIXIR EDP 90 ML ;; $15.756 ; $14.756 
Fragrance World;FRAGRANCE WORLD CHAMPION  SUGAR EDP  80 ML HOMBRE ;; $20.807 ; $19.807 
Fragrance World;FRAGRANCE WORLD L'UOMO THE NIGHT EDITION EDP 100 ML HOMBRE ;; $14.076 ; $13.076 
Fragrance World;FRAGRANCE WORLD MONTERA INSTANT LOVE EDP 100 ML  HOMBRE ;; $14.924 ; $13.924 
Fragrance World;FRAGRANCE WORLD PROUD OF YOU FOR MEN  EDP 100 ML ;; $16.185 ; $15.185 
GAME OF SPADES;GAME OF SPADES WIN 100ML EDP ;; $48.950 ; $47.950 
Giorgio Armani;EMPORIO ARMANI MY WAY 90ML EDP ;; $71.218 ; $70.218 
Giorgio Armani;EMPORIO ARMANI STRONGER WITH YOU 100ML EDT ;NUEVO; $67.857 ; $66.857 
Giorgio Armani;EMPORIO ARMANI STRONGER WITH YOU 50ML EDT ;NUEVO; $45.176 ; $44.176 
Giorgio Armani;EMPORIO ARMANI STRONGER WITH YOU INTENSELY MAN 100ML EDP ;; $81.303 ; $80.303 
GIORGIO ARMANI;GIORGIO ARMANI ACQUA DI GIO PARFUM 50 ML EPP HOMBRE ;NUEVO; $50.218 ; $49.218 
GIORGIO ARMANI;GIORGIO ARMANI CODE PARFUM 75ML EDP HOMBRE ;NUEVO; $61.983 ; $60.983 
GIORGIO ARMANI;GIORGIO ARMANI CODE PARFUM 75ML MAN ;NUEVO; $70.387 ; $69.387 
Giorgio Armani;GIORGIO ARMANI MY WAY 50ML EDP ;; $49.370 ; $48.370 
GIORGIO ARMANI;GIORGIO ARMANI MY WAY YLANG WOMAN EDP 90 ML ;NUEVO; $71.218 ; $70.218 
GIORGIO ARMANI;GIORGIO ARMANI SI PASSSIONE WOMAN 100ML EDP ;; $66.261 ; $65.261 
Giorgio Armani;TESTER GIOGRIO ARMANI SI PASSIONE PARFUM MUJER 100ML EDP ;; $62.815 ; $61.815 
Giorgio Armani;TESTER GIORGIO ARMANI ACQUA DI GIO ELIXIR PARFUM  50 ML ;NUEVO; $59.000 ; $58.000 
Givenchy;GIVENCHY GENTLEMAN  EAU DE TOILETTE INTENSE 100ML ;; $64.496 ; $63.496 
Grandeur;GRANDEUR MOUNTAIN ROSE PARIS MUJER 100 ML EDP ;; $13.244 ; $12.244 
Grandeur;GRANDEUR MUSK ROUGE MUJER 100 ML EDP ;; $12.824 ; $11.824 
GRANDEUR;GRANDEUR TUBBEES BUBBLE GUM 50ML EDP ;; $8.613 ; $7.613 
Grandeur;GRANDEUR TUBBEES CANDY POP 50ML EDP ;NUEVO; $8.613 ; $7.613 
GRANDEUR;GRANDEUR TUBBEES CHOCOLATE FUDGE EDP 50 ML ;; $8.613 ; $7.613 
Grandeur;GRANDEUR TUBBEES COTTON CANDY EDP 50 ML ;; $8.613 ; $7.613 
GRANDEUR;GRANDEUR TUBBEES STRAWBERRY CHEESECAKE ;; $8.613 ; $7.613 
Grandeur;GRANDEUR TUBBEES UNICORN VANILLA EDP 50 ML ;; $8.613 ; $7.613 
GUCCI;GUCCI BLOOM PARFUM MUJER 50 ML EDP ;; $41.815 ; $40.815 
GUCCI;GUCCI BLOOM POUR FEMME 100 ML EDT ;; $50.210 ; $49.210 
GUCCI;GUCCI BLOOM POUR FEMME 50 ML EDT ;; $34.244 ; $33.244 
GUCCI;GUCCI FLORA GARDEUS MAGNOLIA MUJER 50ML PARFUM ;; $54.412 ; $53.412 
GUCCI;GUCCI GORGEOUS GARDENIA 30 ML MUJER EDP ;; $37.605 ; $36.605 
GUCCI;GUCCI GUILTY HOMBRE 90ML EDT ;; $58.613 ; $57.613 
GUCCI;GUCCI GUILTY POUR FEMME 30ML EDT ;; $30.891 ; $29.891 
GUCCI;GUCCI GUILTY POUR FEMME 50 ML EDT ;; $35.933 ; $34.933 
GUCCI;GUCCI GUILTY POUR FEMME 90 ML EDP ;; $58.622 ; $57.622 
GUCCI;GUCCI GUILTY POUR FEMME PARFUM 50 ML EDP ;; $46.017 ; $45.017 
GUY LAROCHE;GUY LAROCHE DRAKKAR NOIR HOMBRE 50 ML EDT ;; $11.555 ; $10.555 
Halloween;HALLOWEEN MAN 75ML EDT ;; $25.849 ; $24.849 
HALLOWEEN;HALLOWEEN MAN CLASICO 125ML EDT ;; $26.849 ; $25.849 
HALLOWEEN;HALLOWEEN MAN ROCK ON MAN 125ML EDT ;; $26.849 ; $25.849 
HALLOWEEN;HALLOWEEN MAN X 100ML EDT ;; $30.714 ; $29.714 
HALLOWEEN;HALLOWEEN MUJER CLASICO 100ML EDT ;; $25.840 ; $24.840 
HUGO BOSS;BOSS HUGO BOSS THE SCENT MAN 100ML EDT ;; $44.336 ; $43.336 
HUGO BOSS;HUGO BOSS ALIVE 80ML EDT ;NUEVO; $35.933 ; $34.933 
HUGO BOSS;HUGO BOSS BOTTLED ELIXIR HOMBRE 100 ML EDP ;; $61.983 ; $60.983 
Hugo Boss;HUGO BOSS BOTTLED NIGHT 100ML EDT ;; $37.605 ; $36.605 
HUGO BOSS;HUGO BOSS BOTTLED PARFUM HOMBRE 50ML EDP ;NUEVO; $26.849 ; $25.849 
HUGO BOSS;HUGO BOSS BOTTLED UNLIMITED EDT 100ML EDT ;NUEVO; $41.815 ; $40.815 
HUGO BOSS;HUGO BOSS CANTIMPLORA VERDE 200ML EDT ;; $60.042 ; $59.042 
HUGO BOSS;HUGO BOSS DEEP RED WOMAN 50ML EDP ;NUEVO; $19.042 ; $18.042 
HUGO BOSS;HUGO BOSS JEANS HOMBRE125ML EDT ;NUEVO; $41.815 ; $40.815 
HUGO BOSS;HUGO BOSS JUST DIFFERENT MAN 75ML EDT ;NUEVO; $24.916 ; $23.916 
Hugo Boss;HUGO BOSS MAN CANTIMPLORA VERDE 125ML EDT ;; $32.395 ; $31.395 
Hugo Boss;HUGO BOSS MAN ORANGE 100ML EDT ;; $24.160 ; $23.160 
HUGO BOSS;HUGO BOSS SUPERMAN X HUGO PARFUM  125ML ;; $50.714 ; $49.714 
Hugo Boss;HUGO BOSS THE SCENT FOR HER 100ML EDP ;; $51.059 ; $50.059 
HUGO BOSS;HUGO BOSS THE SCENT HOMBRE 50 ML EDT ;; $25.008 ; $24.008 
HUGO BOSS;HUGO BOSS XY MAN 100ML EDT ;; $33.235 ; $32.235 
HUGO BOSS;HUGO JEANS EDT 75 ML ;; $41.815 ; $40.815 
Issey Miyake;ISSEY MIYAKE L' EAU D' ISSEY POUR HOMME 125ML EDT ;NUEVO; $40.966 ; $39.966 
Issey Miyake;ISSEY MIYAKE L'EAU D'ISSEY MUJER 100ML EDT ;NUEVO; $37.605 ; $36.605 
JEAN PAUL GAULTIER;JEAN PAUL GAULTIER ''LE MALE'' LE PARFUM EDP INTENSE 125ML ;; $82.311 ; $81.311 
Jean Paul Gaultier;JEAN PAUL GAULTIER CLASSIQUE FEMME 80ML EDP ;NUEVO; $52.739 ; $51.739 
JEAN PAUL GAULTIER;JEAN PAUL GAULTIER LE BEAU HOMBRE 125 ML EDT ;; $82.899 ; $81.899 
Jean Paul Gaultier;JEAN PAUL GAULTIER LE BEAU LE PARFUM 75ML EDP ;; $65.168 ; $64.168 
Jean Paul Gaultier;JEAN PAUL GAULTIER LE BEAU LE PARFUM EDP INTENSE 125 ML ;; $92.899 ; $91.899 
JEAN PAUL GAULTIER;JEAN PAUL GAULTIER LE BEAU PARADISE GARDEN EDP 125 ML HOMBRE ;; $86.261 ; $85.261 
JEAN PAUL GAULTIER;JEAN PAUL GAULTIER LE BEAU PARADISE GARDEN EDP 75 ML ;; $65.168 ; $64.168 
JEAN PAUL GAULTIER;JEAN PAUL GAULTIER LE MALE ELIXIR PARFUM 75 ML ;; $75.000 ; $74.000 
JEAN PAUL GAULTIER;JEAN PAUL GAULTIER LE MALE LE PARFUM 75ML EDP ;; $69.546 ; $68.546 
JEAN PAUL GAULTIER;JEAN PAUL GAULTIER LE MALE MAN 125ML EDT ;NUEVO; $67.025 ; $66.025 
JEAN PAUL GAULTIER;JEAN PAUL GAULTIER LE MALE ULTRA MALE INTENSE 125ML EDT ;; $83.193 ; $82.193 
JEAN PAUL GAULTIER;JEAN PAUL GAULTIER SCANDAL HOMBRE 100ML EDT ;; $81.303 ; $80.303 
Jean Paul Gaultier;JEAN PAUL GAULTIER SCANDAL MUJER 100ML EDP ;; $87.017 ; $86.017 
Jean Paul Gaultier;JEAN PAUL GAULTIER SCANDAL PARFUM HOMBRE 100 ML EDP ;; $92.899 ; $91.899 
JEAN PAUL GAULTIER;SET JEAN PAUL GAULTIER SCANDAL ABSOLU PARFUM 80M CONCENTRÉ 80ML +10ML MUJER ;NUEVO; $84.672 ; $83.672 
JO MILANO;JO MILANO GAME OF SPADES FULL-HOUSE PARFUM 100 ML ;; $57.269 ; $56.269 
JO MILANO;JO MILANO GAME OF SPADES OPAL PARFUM 90 ML ;; $57.782 ; $56.782 
JO MILANO;JO MILANO GAME OF SPADES ROUGE PARFUM 100 ML UNISEX ;; $46.857 ; $45.857 
JO MILANO;JO MILANO GAME OF SPADES WILDCARD PARFUM 100 ML UNISEX ;NUEVO; $53.571 ; $52.571 
KHADLAJ;KHADLAJ EMPIRE CROWN EDP 100 ML ;; $14.924 ; $13.924 
Lancome;LANCOME LA NUIT TRESOR 75ML EDP ;; $67.017 ; $66.017 
LANCOME;LANCOME TRESOR 100ML EDP ;; $84.580 ; $83.580 
Lancome;TESTER LANCOME LA VIE EST BELLE IRIS ABSOLU MUJER 50ML EDP ;NUEVO; $39.000 ; $38.000 
LATTAFA;ARIANA GRANDE MOD BLUSH MUJER EDP 100 ML ;NUEVO; $43.600 ; $42.600 
LATTAFA;DESODORANTE BADEE AL OUD FOR GLORY MEN 200 ML SPRAY ;; $6.092 ; $5.092 
Lattafa;DESODORANTE LATTAFA AMEERAT AL ARAB SPRAY 200 ML ;; $6.008 ; $5.008 
LATTAFA;DESODORANTE LATTAFA ASAD MEN 200 ML SPRAY ;; $6.092 ; $5.092 
Lattafa;DESODORANTE LATTAFA BADEE AL OUD AMETHYTS 200ML ;; $6.092 ; $5.092 
Lattafa;DESODORANTE LATTAFA FAKHAR GOLD 200ML MUJER ;; $6.092 ; $5.092 
LATTAFA;DESODORANTE LATTAFA FAKHAR MEN 200 ML SPRAY ;; $5.924 ; $4.924 
LATTAFA;DESODORANTE LATTAFA HAYAATI MEN 200 ML SPRAY ;; $5.924 ; $4.924 
LATTAFA;DESODORANTE LATTAFA KHAMRAH UNISEX 200 ML SPRAY ;; $6.092 ; $5.092 
LATTAFA;DESODORANTE LATTAFA MAYAR MUJER 200 ML SPRAY ;; $6.092 ; $5.092 
Lattafa;DESODORANTE LATTAFA QAED AL FURSAN 200 ML HOMBRE ;; $5.924 ; $4.924 
LATTAFA;DESODORANTE LATTAFA YARA MOI SPRAY 200 ML ;; $6.008 ; $5.008 
LATTAFA;DESODORANTE LATTAFA YARA ROSADO WOMAN 200 ML ;; $6.008 ; $5.008 
LATTAFA;LATAFFA CARAT PURE GOLD UNISEX 100 ML EDP ;; $12.403 ; $11.403 
LATTAFA;LATAFFA MUSAMAN WHITE UNISEX 100 ML EDP ;NUEVO; $29.202 ; $28.202 
Lattafa;LATAFFA QAA ED SHABAAB HOMBRE 100 ML EDP ;NUEVO; $18.286 ; $17.286 
LATTAFA;LATAFFA YARA MUJER 50 ML EDP ;; $6.849 ; $5.849 
Lattafa;LATTAFA ADEEB UNISEX 80 ML EDP ;; $20.798 ; $19.798 
LATTAFA;LATTAFA AFFECTION EDP 100 ML ;; $20.798 ; $19.798 
LATTAFA;LATTAFA AJWAD PINK TO PINK MUJER 60ML EDP ;; $16.521 ; $15.521 
LATTAFA;LATTAFA AJWAD UNISEX 100 ML EDP ;NUEVO; $15.756 ; $14.756 
LATTAFA;LATTAFA AL ANA ABIYEDH 60ML UNISEX EDP ;NUEVO; $14.496 ; $13.496 
Lattafa;LATTAFA AL QIAM SILVER UNISEX 100ML EDP ;; $22.899 ; $21.899 
LATTAFA;LATTAFA ALHAMBRA PHILOS ROSSO UNISEX 100ML EDP ;NUEVO; $14.076 ; $13.076 
Lattafa;LATTAFA AMEER AL OUDH UNISEX 100 ML EDP ;; $16.605 ; $15.605 
LATTAFA;LATTAFA AMETHYST UNISEX 100ML EDP ;; $21.639 ; $20.639 
LATTAFA;LATTAFA ANARCH UNISEX 100ML EDP (TIZIANA TERENZI ANDROMEDA) ;; $14.504 ; $13.504 
LATTAFA;LATTAFA ASAD BOURBON 100ML EDP ;NUEVO; $23.319 ; $22.319 
LATTAFA;LATTAFA ASAD EDP 12 ML HOMBRE ;; $7.353 ; $6.353 
LATTAFA;LATTAFA ASAD MAN 100ML EDP ;NUEVO; $19.538 ; $18.538 
Lattafa;LATTAFA AWRAQ AL OUD HOMBRE 100 ML EDP ;; $14.924 ; $13.924 
LATTAFA;LATTAFA BADEE AL OUD BLUSH MUJER 100ML EDP ;NUEVO; $21.639 ; $20.639 
Lattafa;LATTAFA BADEE AL OUD SUBLIME  UNISEX 100 ML EDP ;NUEVO; $21.218 ; $20.218 
Lattafa;LATTAFA BAROQUE ROUGE 540 UNISEX 100 ML EDP ;; $14.076 ; $13.076 
LATTAFA;LATTAFA BAYAAN UNISEX 100ML EDP ;; $19.126 ; $18.126 
Lattafa;LATTAFA BLUE OUD HOMBRE 100 ML EDP ;; $17.445 ; $16.445 
LATTAFA;LATTAFA ECLAIRE MUJER 100ML EDP ;NUEVO; $25.840 ; $24.840 
LATTAFA;LATTAFA EJAAZI MAN 100ML EDP ;; $14.076 ; $13.076 
Lattafa;LATTAFA EKHTIARI EDP 100 ML ;; $13.244 ; $12.244 
LATTAFA;LATTAFA FAKHAR MAN 100ML EDP ;NUEVO; $19.538 ; $18.538 
LATTAFA;LATTAFA FAKHAR WOMAN 100ML + DES 200ML + LOCION EDP ;; $30.050 ; $29.050 
LATTAFA;LATTAFA FAKHAR WOMAN 100ML EDP ;NUEVO; $19.118 ; $18.118 
LATTAFA;LATTAFA HAPPY RIDERS EDP 75 ML ;; $11.143 ; $10.143 
LATTAFA;LATTAFA HAYAATI AL MALEKY HOMBRE 100 ML EDP ;; $14.664 ; $13.664 
LATTAFA;LATTAFA HAYAATI GOLD ELIXIR 100ML EDP ;NUEVO; $14.504 ; $13.504 
Lattafa;LATTAFA HAYAATI HOMBRE 100 ML EDP ;; $14.496 ; $13.496 
LATTAFA;LATTAFA HER CONFESSION EDP 100 ML ;NUEVO; $26.681 ; $25.681 
LATTAFA;LATTAFA HIS CONFESSION 100ML EDP ;NUEVO; $26.681 ; $25.681 
LATTAFA;LATTAFA HONOR & GLORY UNISEX 100 ML EDP ;NUEVO; $21.647 ; $20.647 
LATTAFA;LATTAFA KHAMRAH 100ML EDP ;; $23.235 ; $22.235 
Lattafa;LATTAFA KISMET FOR WOMAN 100 ML EDP ;NUEVO; $19.966 ; $18.966 
LATTAFA;LATTAFA MAAHIR GOLD EDITION MAN 100ML EDP ;; $23.328 ; $22.328 
Lattafa;LATTAFA MAAHIR LEGACY HOMBRE 100 ML EDP ;NUEVO; $21.218 ; $20.218 
LATTAFA;LATTAFA MAYAR CHERRY INTENSE EDP 100ML ;NUEVO; $21.639 ; $20.639 
LATTAFA;LATTAFA MAYAR MUJER 100 ML EDP ;NUEVO; $22.059 ; $21.059 
LATTAFA;LATTAFA MAYAR NATURAL INTENSE 100ML EDP ;NUEVO; $19.118 ; $18.118 
Lattafa;LATTAFA NEBRAS UNISEX 100ML EDP ;NUEVO; $24.160 ; $23.160 
Lattafa;LATTAFA OPULENT OUD HOMBRE 100 ML EDP ;; $17.445 ; $16.445 
LATTAFA;LATTAFA OUD FOR GLORY 100ML EDP ;NUEVO; $21.639 ; $20.639 
Lattafa;LATTAFA OUD MOOD ELIXIR UNISEX 100 ML EDP ;; $19.126 ; $18.126 
Lattafa;LATTAFA OUD MOOD UNISEX 100ML EDP ;; $19.126 ; $18.126 
LATTAFA;LATTAFA PRIDE FAKHAR GOLD UNISEX 100 ML EDP ;; $18.697 ; $17.697 
LATTAFA;LATTAFA PRIDE ISHQ AL SHUKUYUKH 100ML EDP ;NUEVO; $21.639 ; $20.639 
Lattafa;LATTAFA PRIDE MAHARJAN GOLD UNISEX 100 ML EDP ;; $25.849 ; $24.849 
LATTAFA;LATTAFA QAED AL FURSAN MAN 100ML EDP ;NUEVO; $14.832 ; $13.832 
LATTAFA;LATTAFA QAED AL FURSAN UNTAMED EDP 90 ML ;NUEVO; $14.916 ; $13.916 
Lattafa;LATTAFA QASAED AL SULTAN 100 ML EDP ;NUEVO; $16.605 ; $15.605 
Lattafa;LATTAFA QIMMAH MUJER 100 ML EDP ;NUEVO; $18.445 ; $17.445 
LATTAFA;LATTAFA RAED SILVER MAN 100ML EDP ;; $17.445 ; $16.445 
Lattafa;LATTAFA RAMZ HOMBRE 100 ML EDP ;NUEVO; $13.992 ; $12.992 
LATTAFA;LATTAFA RAMZ SILVER HOMBRE 100 ML EDP ;; $14.076 ; $13.076 
LATTAFA;LATTAFA RAVE NOW BLACK 100 ML EDP ;NUEVO; $15.336 ; $14.336 
Lattafa;LATTAFA RAVE NOW PINK WOMEN 100ML EDP ;NUEVO; $17.437 ; $16.437 
LATTAFA;LATTAFA SEHR MAN 100ML EDP ;; $30.471 ; $29.471 
Lattafa;LATTAFA SER AL KHULOOD UNISEX 100 ML EDP ;; $16.605 ; $15.605 
Lattafa;LATTAFA SER AL MALIKA ATTAR AL GHALIA MUJER 100 ML EDP ;; $19.126 ; $18.126 
LATTAFA;LATTAFA SHAHEEN GOLD MAN 100ML EDP ;; $20.723 ; $19.723 
Lattafa;LATTAFA SHAHEEN SILVER HOMBRE 100 ML EDP ;; $24.168 ; $23.168 
Lattafa;LATTAFA SHEIKK SHUYUKK LUXE EDITION 100 ML EDP ;NUEVO; $19.966 ; $18.966 
LATTAFA;LATTAFA SUTOOR EDP 100 ML ;; $18.202 ; $17.202 
Lattafa;LATTAFA TERIAQ EDP 100 ML UNISEX ;; $24.580 ; $23.580 
Lattafa;LATTAFA THE KINGDOM MAN 100ML EDP ;NUEVO; $24.160 ; $23.160 
Lattafa;LATTAFA ULGAN SAFWAAN OUD HOMBRE 100 ML EDP ;; $19.966 ; $18.966 
Lattafa;LATTAFA VELVET OUD UNISEX 100 ML EDP ;; $18.286 ; $17.286 
LATTAFA;LATTAFA VICTORIA EDP 100 ML ;NUEVO; $21.639 ; $20.639 
LATTAFA;LATTAFA YARA CANDY MUJER 100 ML EDP ;NUEVO; $19.958 ; $18.958 
LATTAFA;LATTAFA YARA EDP 12 ML MUJER ;; $7.361 ; $6.361 
LATTAFA;LATTAFA YARA MOI UNISEX 100ML EDP ;NUEVO; $19.538 ; $18.538 
LATTAFA;LATTAFA YARA ROLL ON 10 ML EDP ;; $5.672 ; $4.672 
Lattafa;LATTAFA YARA TOUS MUJER 100 ML EDP ;; $19.118 ; $18.118 
LATTAFA;LATTAFA YARA WOMAN 100ML EDP ;NUEVO; $19.538 ; $18.538 
LATTAFA;SPRAY LATTAFA QIMMAH WOMEN PERFUME AMBIENTAL 300 ML MUJER ;; $6.092 ; $5.092 
LATTAFA;TERIAQ INTENSE EDP 100 ML ;NUEVO; $24.916 ; $23.916 
Lattafa - Maison Alhambra;MISON ALHAMBRA MINERVA MUJER EDP 80 ML ;; $13.664 ; $12.664 
MAISON ALHAMBRA;DESODORANTE LATTAFA BADEE AL OUD SUBLIME SPRAY 200 ML ;; $5.924 ; $4.924 
MAISON ALHAMBRA;MAISON ALHAMBA MONTAIGNE VANILLE UNISEX 100ML EDP ;; $14.504 ; $13.504 
MAISON ALHAMBRA;MAISON ALHAMBRA  JEAN LOWE MATIERE MAN 100ML EDP ;; $16.605 ; $15.605 
MAISON ALHAMBRA;MAISON ALHAMBRA AMBER & LEATHER 100ML EDP ;; $14.916 ; $13.916 
MAISON ALHAMBRA;MAISON ALHAMBRA BAROQUE BOUGE UNISEX 100ML EDP ;; $13.244 ; $12.244 
MAISON ALHAMBRA;MAISON ALHAMBRA CAMILLE 100ML EDP ;; $13.244 ; $12.244 
MAISON ALHAMBRA;MAISON ALHAMBRA DARING BLUE 100ML EDP ;NUEVO; $13.992 ; $12.992 
MAISON ALHAMBRA;MAISON ALHAMBRA DARK DOOR SPORT HOMBRE 100 ML EDP ;; $14.412 ; $13.412 
MAISON ALHAMBRA;MAISON ALHAMBRA EMBRACE 100ML EDP ;; $20.807 ; $19.807 
MAISON ALHAMBRA;MAISON ALHAMBRA ENCODE MOUNTAIN 100 ML EDP ;; $14.504 ; $13.504 
Maison Alhambra;MAISON ALHAMBRA EXCLUSIF SAFFRON UNISEX 100ML EDP ;; $17.866 ; $16.866 
Maison Alhambra;MAISON ALHAMBRA FLORAL AMBROSIA MUJER 100ML EDP ;; $16.605 ; $15.605 
Maison Alhambra;MAISON ALHAMBRA GALATEA 100 ML EDP ;; $16.605 ; $15.605 
MAISON ALHAMBRA;MAISON ALHAMBRA GLACIER BELLA 100ML EDP ;; $14.496 ; $13.496 
MAISON ALHAMBRA;MAISON ALHAMBRA GLACIER LE NOIR HOMBRE 100ML EDP ;; $14.076 ; $13.076 
MAISON ALHAMBRA;MAISON ALHAMBRA GLACIER POUR HOMME 100ML EDP ;; $14.412 ; $13.412 
MAISON ALHAMBRA;MAISON ALHAMBRA GLACIER ULTRA 30 ML HOMBRE ;; $8.445 ; $7.445 
Maison Alhambra;MAISON ALHAMBRA GLOSSY 100ML EDP MUJER ;; $20.798 ; $19.798 
Maison Alhambra;MAISON ALHAMBRA GUSTA PARFUM 100ML EDP ;NUEVO; $20.798 ; $19.798 
MAISON ALHAMBRA;MAISON ALHAMBRA JEAN LOW NOIR 100ML HOMBRE ;; $17.866 ; $16.866 
MAISON ALHAMBRA;MAISON ALHAMBRA JEAN LOWE FRAICHE HOMBRE 100ML EDP ;; $19.126 ; $18.126 
Maison Alhambra;MAISON ALHAMBRA JEAN LOWE INMORTAL EDP 30 ML ;; $8.445 ; $7.445 
Maison Alhambra;MAISON ALHAMBRA JUBILANT ROSE 100 ML EDP MUJER ;NUEVO; $13.403 ; $12.403 
MAISON ALHAMBRA;MAISON ALHAMBRA KINGSMAN 100 ML EDP ;NUEVO; $13.655 ; $12.655 
MAISON ALHAMBRA;MAISON ALHAMBRA KISMET MAGIC 100ML EDP ;NUEVO; $16.605 ; $15.605 
MAISON ALHAMBRA;MAISON ALHAMBRA KISMET MAN 100ML EDP ;NUEVO; $19.126 ; $18.126 
MAISON ALHAMBRA;MAISON ALHAMBRA LUXE CHIC 100ML EDP ;; $20.807 ; $19.807 
MAISON ALHAMBRA;MAISON ALHAMBRA LUXE JOURNEY 100 ML EDP ;; $20.807 ; $19.807 
Maison Alhambra;MAISON ALHAMBRA MAITRE PARFUM HOMBRE 100ML EDP ;NUEVO; $14.076 ; $13.076 
MAISON ALHAMBRA;MAISON ALHAMBRA MYSTERIOUS AMBER 100ML EDP ;; $16.605 ; $15.605 
Maison Alhambra;MAISON ALHAMBRA NARISA AMBRE MUJER 100ML EDP ;; $15.756 ; $14.756 
Maison Alhambra;MAISON ALHAMBRA NARISSA FOR HER MUJER 100ML EDP ;; $13.244 ; $12.244 
MAISON ALHAMBRA;MAISON ALHAMBRA NO 2 MEN 80ML EDP ;; $14.328 ; $13.328 
MAISON ALHAMBRA;MAISON ALHAMBRA OPERAM NOIR ROUGE 100ML EDP ;NUEVO; $14.076 ; $13.076 
MAISON ALHAMBRA;MAISON ALHAMBRA PHILOS PURA OPUS NOIR EDP MUJER ;; $14.084 ; $13.084 
Maison Alhambra;MAISON ALHAMBRA PINK VELVET MUJER 30ML EDP ;; $8.622 ; $7.622 
MAISON ALHAMBRA;MAISON ALHAMBRA PORTO NEROLI WOMAN 100 ML EDP ;; $14.084 ; $13.084 
MAISON ALHAMBRA;MAISON ALHAMBRA QUEENSTOWN POUR FEMME 100 ML EDP ;; $13.244 ; $12.244 
MAISON ALHAMBRA;MAISON ALHAMBRA ROSE PETALS WOMAN 100ML EDP ;; $12.403 ; $11.403 
MAISON ALHAMBRA;MAISON ALHAMBRA SALVO ELIXIR  EDP 30 ML ;; $8.622 ; $7.622 
MAISON ALHAMBRA;MAISON ALHAMBRA SENSUAL VANILLA UNISEX 100ML EDP ;; $16.605 ; $15.605 
Maison Alhambra;MAISON ALHAMBRA SO CANDID POUR HOMME EDP 100 ML HOMBRE ;; $15.336 ; $14.336 
Maison Alhambra;MAISON ALHAMBRA SO CANDID ROUGE 80ML EDP ;; $15.588 ; $14.588 
MAISON ALHAMBRA;MAISON ALHAMBRA SPECTRUM 100 ML EDP ;; $17.025 ; $16.025 
MAISON ALHAMBRA;MAISON ALHAMBRA TORO POUR HOMME GLACE MAN 100 ML EDP ;; $14.840 ; $13.840 
MAISON ALHAMBRA;MAISON ALHAMBRA VICTORIA FLOWER EDP 100 ML ;; $13.244 ; $12.244 
MAISON ALHAMBRA;MAISON ALHAMBRA VICTORIOSO LEGACY EDP 100 ML UNISEX ;; $14.798 ; $13.798 
Maison Alhambra;MAISON ALHAMBRA XCLUSIF ROSE 100 ML EDP ;; $17.866 ; $16.866 
MAISON ALHAMBRA;MAISON ALHAMBRA YOUR TOUCH AMBER EDP 100 ML HOMBRE ;; $14.336 ; $13.336 
MAISON ALHAMBRA;MAISON ALHAMBRA YOUR TOUCH HOMBRE 30ML EDP ;; $8.613 ; $7.613 
MAISON ALHAMBRA;MAISON ALHAMBRA YOUR TOUCH MUJER 100 ML EDP ;NUEVO; $14.076 ; $13.076 
MARC JACOBS;MARC JACBS PERFECT EDT 50ML MUJER ;; $63.992 ; $62.992 
MARC JACOBS;MARC JACOBS DAISY MUJER 100 ML EDT ;; $73.992 ; $72.992 
MARC JACOBS;MARC JACOBS DAISY WOMAN 50 ML EDT ;; $62.815 ; $61.815 
MARC JACOBS;MARC JACOBS PERFECT ELIXIR 50ML MUJER EDP ;; $62.815 ; $61.815 
MARC JACOBS;MARC JACOBS PERFECT INTENSE MUJER 50ML EDP ;; $62.815 ; $61.815 
MONT BLANC;MONT BLANC EXPLORER 100ML EDP ;; $37.605 ; $36.605 
MONT BLANC;MONT BLANC LEGEND MAN 100ML EDP ;NUEVO; $37.605 ; $36.605 
MONT BLANC;MONT BLANC LEGEND MAN 100ML EDT ;NUEVO; $34.672 ; $33.672 
MONT BLANC;MONT BLANC LEGEND SPIRIT MAN 100ML EDT ;; $38.697 ; $37.697 
Montblanc;MONT BLANC LEGENT SPIRIT 200 ML MAN ;; $43.151 ; $42.151 
MOSCHINO;MOSCHINO TOY 2 BUBBLE GUM 100ML EDT ;; $40.126 ; $39.126 
MOSCHINO;MOSCHINO TOY 2 PEARL 100ML EDP MUJER ;; $49.874 ; $48.874 
MOSCHINO;MOSCHINO TOY 2 WOMAN 100ML EDT ;; $39.286 ; $38.286 
MOSCHINO;MOSCHINO TOY BOY 100ML EDP ;; $42.815 ; $41.815 
Moschino;TESTER MOSCHINO TOY 2 BUBBLE GUM WOMAN 100ML EDT ;; $35.084 ; $34.084 
MOSCHINO;TESTER MOSCHINO TOY 2 PEARL MUJER 100ML EDP ;; $41.815 ; $40.815 
MOSCHINO;TESTER MOSCHINO TOY BOY EDP 100ML ;; $36.429 ; $35.429 
MUGLER;MUGLER ALIEN HYPERSENSE 60 ML EDP ;; $51.891 ; $50.891 
MUGLER;MUGLER ANGEL MUJER 50 ML EDP ;; $83.992 ; $82.992 
Mush Mush;MUSH MUSH DIVINE NECTAR MUJER 100 ML EDP ;; $25.000 ; $24.000 
Mush Mush;MUSH MUSH MORNING BREEZE MUJER 100ML EDP ;; $11.983 ; $10.983 
Orientica;ORIENTICA LE MOTIF IMPERIAL GOLD UNISEX 85ML EDP ;; $37.109 ; $36.109 
Orientica;ORIENTICA LE MOTIF WILD NEROLI MAN 85ML EDP ;; $36.773 ; $35.773 
Orientica;ORIENTICA XCLUSIF CLASSIC UNISEX 60 ML EDP ;; $45.176 ; $44.176 
Orientica;ORIENTICA XCLUSIF EMERALD UNISEX 60 ML EDP ;; $45.176 ; $44.176 
Paco Rabanne;PACO RABANNE 1 MILLION ROYAL MAN PARFUM 100ML EDP ;NUEVO; $69.546 ; $68.546 
Paco Rabanne;PACO RABANNE BLACK XS MAN 100ML EDT ;; $48.047 ; $47.047 
PACO RABANNE;PACO RABANNE INVICTUS MAN 100ML EDT ;; $71.218 ; $70.218 
Paco Rabanne;PACO RABANNE INVICTUS MAN 50 ML EDT ;NUEVO; $50.218 ; $49.218 
Paco Rabanne;PACO RABANNE OLYMPEA WOMAN 80ML EDP ;; $69.958 ; $68.958 
PACO RABANNE;PACO RABANNE ONE MILLION ELIXIR PARFUM INTENSE 100ML ;; $83.824 ; $82.824 
PACO RABANNE;PACO RABANNE ONE MILLION MAN 100ML EDT ;; $71.050 ; $70.050 
PACO RABANNE;PACO RABANNE PHANTOM 100ML EDT ;; $76.933 ; $75.933 
PACO RABANNE;PACO RABANNE PHANTOM INTENSE EDP INTENSE 100 ML  HOMBRE ;; $85.504 ; $84.504 
Paco Rabanne;PACO RABANNE ULTRA RED HOMBRE 100 ML EDT ;NUEVO; $29.210 ; $28.210 
Paco Rabanne;PACO RABANNE ULTRAVIOLET MAN 100ML EDT ;NUEVO; $38.445 ; $37.445 
Paco Rabanne;TESTER PACO RABANNE INVICTUS MAN EDT 100 ML HOMBRE ;NUEVO; $54.000 ; $53.000 
Paco Rabanne;TESTER PACO RABANNE LADY MILLION 80ML EDP ;NUEVO; $54.000 ; $53.000 
Paco Rabanne;TESTER PACO RABANNE PHANTOM MAN 100ML EDT ;NUEVO; $54.000 ; $53.000 
PARIS CORNER;PARIS CORNER KHAIR CONFECTION 100ML EDP ;; $15.756 ; $14.756 
PARIS CORNER;PARIS CORNER KHAIR FUSION EDP 100 ML UNISEX ;NUEVO; $15.756 ; $14.756 
Paris Corner;PARIS CORNER KHAIR PISTACHIO 100ML EDP ;; $16.933 ; $15.933 
PARIS CORNER;PARIS CORNER MARSHMALLOW BLUSH EDP 100 ML MUJER ;NUEVO; $26.933 ; $25.933 
Perfumes;PARIS HILTON CAN CAN 100ML EDP ;; $24.168 ; $23.168 
POR DEFINIR;AJMAL SHINE FOR HER 75ML EDP ;; $19.126 ; $18.126 
POR DEFINIR;ANTONIO BANDERAS BLUE SEDUCTION EDT 50 ML HOMBRE ;; $13.655 ; $12.655 
POR DEFINIR;ANTONIO BANDERAS THE ICON EDP 1.5 ML MUJER (12 PIEZAS) ;; $5.840 ; $4.840 
POR DEFINIR;ARMAF ODYSSEY BAHAMAS EDP 100 ML UNISEX ;; $29.202 ; $28.202 
POR DEFINIR;ARMAF ODYSSEY BLACK FOREST DESSERT EDITION EDP 100 ML UNISEX ;; $26.681 ; $25.681 
POR DEFINIR;Armaf Odyssey Limoni Fresh Edition EDP 60 ML Unisex ;; $14.916 ; $13.916 
POR DEFINIR;ARMAF ODYSSEY REVOLUTION ULTRA EDITION EDP 100 ML UNISEX ;; $25.840 ; $24.840 
POR DEFINIR;ARMAF ODYSSEY TOFFEE COFFEE EDP 100 ML UNISEX ;; $22.479 ; $21.479 
POR DEFINIR;ARMAF VENTANA MARINE EDP 100 ML  UNISEX ;; $21.639 ; $20.639 
POR DEFINIR;ASDAAF REEM EDP 100 ML UNISEX ;NUEVO; $19.538 ; $18.538 
POR DEFINIR;ASTEN GENIUS MAN EDP 100 ML ;; $13.655 ; $12.655 
POR DEFINIR;ASTEN MY LIFE EDP 100 ML MUJER ;; $13.655 ; $12.655 
POR DEFINIR;AZZARO THE MOST WANTED EDP INTENSE 150 ML HOMBRE ;NUEVO; $70.714 ; $69.714 
POR DEFINIR;AZZARO WANTED EDT 100 ML HOMBRE ;; $37.353 ; $36.353 
POR DEFINIR;AZZARO WANTED FOREVER ELIXIR PARFUM 100 ML HOMBRE ;; $94.916 ; $93.916 
POR DEFINIR;BODY MIST VICTORIA SECRET AMBER ROMANCE 250 ML ;; $14.832 ; $13.832 
POR DEFINIR;BODY MIST VICTORIA SECRET TEMPTATION 250 ML ;; $13.403 ; $12.403 
POR DEFINIR;BOSS BOTTLED BEYOND EDP 100 ML RECARGABLE HOMBRE ;; $68.445 ; $67.445 
POR DEFINIR;BURBERRY HER EDP INTENSE 100 ML MUJER ;; $86.345 ; $85.345 
POR DEFINIR;CALVIN KLEIN CK ONE EDT 200 ML + 200 ML SET 2 PCS SHOWER GEL ;; $27.521 ; $26.521 
POR DEFINIR;CALVIN KLEIN DEFY HOMBRE 50 ML EDT ;; $17.445 ; $16.445 
POR DEFINIR;CAROLINA HERRERA 212 VIP MEN EDT 100 ML HOMBRE ;; $60.294 ; $59.294 
POR DEFINIR;CAROLINA HERRERA GOOD GIRL EDP 100 ML REFILLABLE MUJER ;; $172.067 ; $171.067 
POR DEFINIR;CAROLINA HERRERA GOOD GIRL EDP LÉGERE 50 ML MUJER ;; $57.773 ; $56.773 
POR DEFINIR;DESODORANTE LATTAFA ANDALEEB SPRAY 200 ML MUJER ;; $6.092 ; $5.092 
POR DEFINIR;DESODORANTE LATTAFA ASAD BOURBON  SPRAY 200 ML HOMBRE ;; $6.092 ; $5.092 
POR DEFINIR;DESODORANTE LATTAFA HAYAATI AL MALEKY SPRAY 200 ML HOMBRE ;; $6.092 ; $5.092 
POR DEFINIR;DESODORANTE LATTAFA MUSUMAM WHITE INTENSE SPRAY 200 ML MUJER ;; $6.092 ; $5.092 
POR DEFINIR;DESODORANTE LATTAFA PRIDE ART OF UNIVERSE SPRAY 200 ML UNISEX ;; $6.513 ; $5.513 
POR DEFINIR;DESODORANTE LATTAFA TERIAQ SPRAY 200 ML MUJER ;; $6.092 ; $5.092 
POR DEFINIR;DESODORANTE LATTAFA YARA TOUS 200 ML ;; $5.924 ; $4.924 
POR DEFINIR;DIESEL ONLY THE BRAVE EDP 50 ML HOMBRE ;; $33.403 ; $32.403 
POR DEFINIR;DKNY BE DELICIOUS MANZANA 100ML EDP ;; $39.538 ; $38.538 
POR DEFINIR;DKNY BE TEMTPED MUJER 100 ML EDT ;NUEVO; $29.202 ; $28.202 
POR DEFINIR;DOLCE & GABBANA K POUR HOMME EDP 100 ML HOMBRE ;; $51.050 ; $50.050 
POR DEFINIR;DUBAI NICHE BEIRUT EDP 100 ML HOMBRE ;; $172.067 ; $171.067 
POR DEFINIR;DUBAI NICHE BUBBLES EDP 100 ML MUJER ;; $14.496 ; $13.496 
POR DEFINIR;DUBAI NICHE DUBAI EDP 100 ML UNISEX ;; $172.067 ; $171.067 
POR DEFINIR;DUBAI NICHE DUBAI EXTREMO PINK EDP 100 ML MUJER ;; $13.992 ; $12.992 
POR DEFINIR;DUBAI NICHE DUBAI FOR YOU EDP 100 ML ;; $14.496 ; $13.496 
POR DEFINIR;DUBAI NICHE DUBAI FOR YOU INTENSE EDP 100 ML HOMBRE ;; $14.496 ; $13.496 
POR DEFINIR;DUBAI NICHE DUBAI LE PARFUM EDP 100 ML HOMBRE ;; $14.496 ; $13.496 
POR DEFINIR;DUBAI NICHE DUBAI PARADISE EDP 100 ML HOMBRE ;; $14.496 ; $13.496 
POR DEFINIR;DUBAI NICHE HOT PINK EDP 100 ML MUJER ;; $14.496 ; $13.496 
POR DEFINIR;DUBAI NICHE ISTAMBUL EDP 100 ML UNISEX ;; $172.067 ; $171.067 
POR DEFINIR;DUBAI NICHE PARIS EDP 100 ML MUJER ;; $172.067 ; $171.067 
POR DEFINIR;DUBAI NICHE PINK EDP 100 ML MUJER ;; $14.496 ; $13.496 
POR DEFINIR;DUBAI NICHE PURE ELEGANCE EDP 100 ML UNISEX ;; $14.496 ; $13.496 
POR DEFINIR;DUBAI NICHE QATAR EDP 100 ML UNISEX ;; $172.067 ; $171.067 
POR DEFINIR;DUBAI NICHE RIYADH EDP 100 ML UNISEX ;; $172.067 ; $171.067 
POR DEFINIR;DUBAI NICHE SKY EDP 100 ML HOMBRE ;; $14.496 ; $13.496 
POR DEFINIR;DUBAI NICHE STRONG EDP 100 ML HOMBRE ;; $14.496 ; $13.496 
POR DEFINIR;DUBAI NICHE TIGER EDP 100 ML HOMBRE ;; $15.672 ; $14.672 
POR DEFINIR;DUBAI NICHE VICTORY INTENSE EDP 100 ML HOMBRE ;; $14.496 ; $13.496 
POR DEFINIR;DUMONT NITRO RED POUR HOMME  EDP 100 ML HOMBRE ;NUEVO; $30.042 ; $29.042 
POR DEFINIR;DUMONT NITRO WHITE POUR HOMME EDP 100 ML ;NUEVO; $25.840 ; $24.840 
POR DEFINIR;EMPER INTENSO BY STALLION 53 EDP 100 ML + 20 ML  HOMBRE ;; $17.437 ; $16.437 
POR DEFINIR;FRAGANCE WORLD INVICTO INTENSE EDP 100 ML HOMBRE ;NUEVO; $14.076 ; $13.076 
POR DEFINIR;FRAGANCE WORLD PRIDE MARINE RED MOON EDP 100 ML ;; $14.076 ; $13.076 
POR DEFINIR;FRAGRANCE WORLD 3 L'EMPÉRESSE POUR FEMME EDP 100 ML MUJER ;; $14.076 ; $13.076 
POR DEFINIR;FRAGRANCE WORLD ADICTO NOIR EDP 100 ML MUJER ;; $14.076 ; $13.076 
POR DEFINIR;FRAGRANCE WORLD ALLUSIVE CANALE SPORT EDP 80 ML HOMBRE ;; $14.076 ; $13.076 
POR DEFINIR;FRAGRANCE WORLD BAD LAD POUR HOMME EDP 50 ML HOMBRE ;; $6.765 ; $5.765 
POR DEFINIR;FRAGRANCE WORLD DES TENTATIONS  EDP 100 ML HOMBRE ;NUEVO; $172.067 ; $171.067 
POR DEFINIR;FRAGRANCE WORLD DES TENTATIONS FLAME EDP 100 ML HOMBRE ;; $14.076 ; $13.076 
POR DEFINIR;FRAGRANCE WORLD ELYSIA VANILLA EDP 50 ML MUJER ;; $6.765 ; $5.765 
POR DEFINIR;FRAGRANCE WORLD GENUINE MAN GIOVANY RESERVE EDP 100 ML HOMBRE ;NUEVO; $14.076 ; $13.076 
POR DEFINIR;FRAGRANCE WORLD GENUINE MAN GIOVANY SOCIETY EDP 100 ML ;; $172.067 ; $171.067 
POR DEFINIR;FRAGRANCE WORLD HARMONY CODE POUR HOMME EDP 100 ML HOMBRE ;; $14.412 ; $13.412 
POR DEFINIR;FRAGRANCE WORLD HARTNELL EDP 50 ML HOMBRE ;; $6.765 ; $5.765 
POR DEFINIR;FRAGRANCE WORLD HAYAATI BEAU EDP 50 ML HOMBRE ;; $6.933 ; $5.933 
POR DEFINIR;FRAGRANCE WORLD HAYAATI BELLE EDP 50 ML MUJER ;; $6.765 ; $5.765 
POR DEFINIR;FRAGRANCE WORLD INVICTO EDP 100 ML HOMBRE ;NUEVO; $14.076 ; $13.076 
POR DEFINIR;FRAGRANCE WORLD INVICTO INTENSE EDP 50 ML HOMBRE ;; $6.765 ; $5.765 
POR DEFINIR;FRAGRANCE WORLD INVICTO VICTORIOUS ABSOLU EDP 100 ML HOMBRE ;NUEVO; $14.076 ; $13.076 
POR DEFINIR;FRAGRANCE WORLD JUST AZRAQ EDP 50 ML HOMBRE ;; $6.765 ; $5.765 
POR DEFINIR;FRAGRANCE WORLD JUST WARDI EDP 50 ML MUJER ;; $6.933 ; $5.933 
POR DEFINIR;FRAGRANCE WORLD LA UNO MILLION ELIXIR EDP 50 ML HOMBRE ;NUEVO; $6.681 ; $5.681 
POR DEFINIR;FRAGRANCE WORLD LA UNO MILLION LE PARFUM EDP 50 ML HOMBRE ;NUEVO; $6.765 ; $5.765 
POR DEFINIR;FRAGRANCE WORLD LA UNO MILLION ROYAL EDP 50 ML HOMBRE ;NUEVO; $6.765 ; $5.765 
POR DEFINIR;FRAGRANCE WORLD LIBERTY INTENSE EDP 100 ML MUJER ;NUEVO; $14.076 ; $13.076 
POR DEFINIR;FRAGRANCE WORLD LUSH CHERRY EDP 50 ML UNISEX ;; $6.765 ; $5.765 
POR DEFINIR;FRAGRANCE WORLD MONARCH QUEEN UNISEX 100ML EDP ;; $14.084 ; $13.084 
POR DEFINIR;FRAGRANCE WORLD OPHYLIA FIORE EDP 80 ML MUJER ;; $14.076 ; $13.076 
POR DEFINIR;FRAGRANCE WORLD PEGASUS EDP 50 ML HOMBRE ;; $6.765 ; $5.765 
POR DEFINIR;FRAGRANCE WORLD PERFUME LA UNO MILLION EDP 50ML ;NUEVO; $6.765 ; $5.765 
POR DEFINIR;FRAGRANCE WORLD PERFUME MIDORI EDP 50ML ;; $6.765 ; $5.765 
POR DEFINIR;FRAGRANCE WORLD PERFUME SCANDANT BELLE CELINE LE PARFUM EDP 50ML ;NUEVO; $6.765 ; $5.765 
POR DEFINIR;FRAGRANCE WORLD PERFUME SEDLEY EDP 50ML ;; $6.765 ; $5.765 
POR DEFINIR;FRAGRANCE WORLD PERFUME VENTI ABSOLU EDP 50ML ;; $6.765 ; $5.765 
POR DEFINIR;FRAGRANCE WORLD PROUD OF YOU ABSOLUTE EDP 50 ML HOMBRE ;; $6.765 ; $5.765 
POR DEFINIR;FRAGRANCE WORLD PROUD OF YOU AMBER EDP 50 ML UNISEX ;; $6.849 ; $5.849 
POR DEFINIR;FRAGRANCE WORLD PROUD OF YOU OUD EDP 50 ML HOMBRE ;; $6.849 ; $5.849 
POR DEFINIR;FRAGRANCE WORLD PURE X  EDP 50 ML HOMBRE ;; $6.933 ; $5.933 
POR DEFINIR;FRAGRANCE WORLD SCANDANT BELLE CELINE WOMEN BY NIGHT EDP 50 ML MUJER ;NUEVO; $6.765 ; $5.765 
POR DEFINIR;FRAGRANCE WORLD SCANDANT JOHN GUSTAV HOMME EDP 50 ML HOMBRE ;; $6.933 ; $5.933 
POR DEFINIR;FRAGRANCE WORLD SEDLEY EDP 100 ML HOMBRE ;; $14.412 ; $13.412 
POR DEFINIR;FRAGRANCE WORLD SUAVE EDP 100 ML HOMBRE ;; $14.076 ; $13.076 
POR DEFINIR;FRAGRANCE WORLD UR WAY EDP 50 ML  MUJER ;; $6.765 ; $5.765 
POR DEFINIR;FRAGRANCE WORLD URBAN MAN AMAZE EDP 50 ML HOMBRE ;; $6.765 ; $5.765 
POR DEFINIR;FRAGRANCE WORLD URBAN MAN LE PARFUM EDP 50 ML HOMBRE ;NUEVO; $6.765 ; $5.765 
POR DEFINIR;FRAGRANCE WORLD URBAN MAN ULTRA EDP 90 ML HOMBRE ;; $15.756 ; $14.756 
POR DEFINIR;FRAGRANCE WORLD URBAN WOMEN BEAUTY EDP 90 ML MUJER ;NUEVO; $14.916 ; $13.916 
POR DEFINIR;FRAGRANCE WORLD URBAN WOMEN PARADISE EDP 50 ML ;NUEVO; $6.765 ; $5.765 
POR DEFINIR;FRAGRANCE WORLD VERSUS BRIGHT CRYSTAL EDP 50 ML MUJER ;; $6.765 ; $5.765 
POR DEFINIR;FRENCH AVENUE ATLANTIS EXTRAIT DE PARFUM 100 ML UNISEX ;NUEVO; $31.723 ; $30.723 
POR DEFINIR;FRENCH AVENUE VENENO SCARLET EXTRAIT DE PARFUM 100 ML UNISEX ;; $38.782 ; $37.782 
POR DEFINIR;FRENCH AVENUE VULCAN SABLE EDP 100 ML UNISEX ;; $27.521 ; $26.521 
POR DEFINIR;GIORGIO ARMANI CODE PARFUM 125 ML HOMBRE ;NUEVO; $100.210 ; $99.210 
POR DEFINIR;GIVENCHY GENTLEMAN EAU DE TOILLETE ORIGINALE 100ML HOMBRE ;NUEVO; $49.370 ; $48.370 
POR DEFINIR;GRANDEUR BEACH CORAL EDP 100 ML MUJER ;; $12.647 ; $11.647 
POR DEFINIR;GRANDEUR INSTINCT NOIR HOMBRE 100 ML EDP ;; $12.647 ; $11.647 
POR DEFINIR;GRANDEUR PACIFIC WOODS PARFUM 100 ML EDP ;; $12.647 ; $11.647 
POR DEFINIR;GRANDEUR TUBBEES COOKIES & CREAM EDP 50 ML ;; $8.613 ; $7.613 
POR DEFINIR;GRANDEUR TUBBEES TROPICAL ISLAND EDP 50 ML UNISEX ;; $8.613 ; $7.613 
POR DEFINIR;GUCCI FLORA GORGEOUS GARDENIA EDP INTENSE 50 ML MUJER ;; $62.815 ; $61.815 
POR DEFINIR;Gucci flora Gorgeous Gardenia intense 100 Ml ;; $104.832 ; $103.832 
POR DEFINIR;HALLOWEEN MAN HERO EDT 125 ML ;; $24.328 ; $23.328 
POR DEFINIR;HUGO BOSS THE SCENT EDP 50 ML MUJER ;; $172.067 ; $171.067 
POR DEFINIR;JEAN PAUL GAULTIER DIVINE EDP 100 ML REFILLABLE  MUJER ;NUEVO; $88.445 ; $87.445 
POR DEFINIR;JEAN PAUL GAULTIER DIVINE LE PARFUM 50 ML REFILLABLE ;; $68.445 ; $67.445 
POR DEFINIR;JEAN PAUL GAULTIER SCANDAL POUR HOMME INTENSE EDP 100 ML HOMBRE ;; $83.824 ; $82.824 
POR DEFINIR;JESSICA TWAIN ECLAIR EDP 35 ML UNISEX ;; $6.765 ; $5.765 
POR DEFINIR;JO MILANO GAME OF SPADES BONUS PARFUM 100 ML UNISEX ;; $59.622 ; $58.622 
POR DEFINIR;JO MILANO GAME OF SPADES DOUBLE BONUS PARFUM 100 ML UNISEX ;; $58.445 ; $57.445 
POR DEFINIR;JO MILANO GAME OF SPADES EMERALD PARFUM 90 ML UNISEX ;; $67.353 ; $66.353 
POR DEFINIR;JO MILANO GAME OF SPADES TOPAZ  PARFUM 90 ML UNISEX ;; $63.992 ; $62.992 
POR DEFINIR;LACOSTE L.12.12 BLANC EDT 100 ML ;; $32.395 ; $31.395 
POR DEFINIR;LANCÔME ÔFF NOW EDT 100 ML UNISEX ;NUEVO; $172.067 ; $171.067 
POR DEFINIR;LATTAFA AJWAD DESODORANTE AMBIENTAL 300 ML ;; $6.008 ; $5.008 
POR DEFINIR;LATTAFA AL NASHAMA EDP 100 ML UNISEX ;; $20.546 ; $19.546 
POR DEFINIR;LATTAFA ANA ABIYEDH CORAL EDP 60 ML ;NUEVO; $14.496 ; $13.496 
POR DEFINIR;LATTAFA ANA ABIYEDH EDP 50 ML AZZ ;; $6.849 ; $5.849 
POR DEFINIR;LATTAFA ASAD ELIXIR EDP 100 ML HOMBRE ;NUEVO; $30.042 ; $29.042 
POR DEFINIR;LATTAFA BADEE AL OUD EDP 50 ML AAZ ;NUEVO; $6.849 ; $5.849 
POR DEFINIR;LATTAFA CHOCO OVERDOSE GIVE ME GOURMAND EDP 75 ML  MUJER ;NUEVO; $20.378 ; $19.378 
POR DEFINIR;LATTAFA COOKIE CRAVE GIVE ME GOURMAND EDP 75 ML MUJER ;NUEVO; $20.378 ; $19.378 
POR DEFINIR;LATTAFA ECLAIRE PISTACHE EDP 100 ML ;; $32.563 ; $31.563 
POR DEFINIR;LATTAFA FAKHAR PLATIN EDP 100 ML HOMBRE ;NUEVO; $20.798 ; $19.798 
POR DEFINIR;LATTAFA KHAMRAH DUKHAN EDP 100 ML HOMBRE ;; $23.739 ; $22.739 
POR DEFINIR;LATTAFA MALLOW MADNESS GIVE ME GOURMAND EDP 75 ML MUJER ;NUEVO; $20.378 ; $19.378 
POR DEFINIR;LATTAFA OPULENT DUBAI EDP 100 ML UNISEX ;NUEVO; $21.639 ; $20.639 
POR DEFINIR;LATTAFA PRIDE ART OF UNIVERSE EDP 100 ML UNISEX ;; $34.244 ; $33.244 
POR DEFINIR;LATTAFA PRIDE NEBRAS ELIXIR EDP 100 ML UNISEX ;NUEVO; $25.000 ; $24.000 
POR DEFINIR;LATTAFA VANILLA FREAK GIVE ME GOURMAND EDP 75 ML MUJER ;NUEVO; $20.378 ; $19.378 
POR DEFINIR;LATTAFA WHIPPED PLEASURE GIVE ME GOURMAND EDP 75 ML MUJER ;NUEVO; $20.378 ; $19.378 
POR DEFINIR;LATTAFA WILD VANILLE MUSK EDP 100 ML UNISEX ;; $15.756 ; $14.756 
POR DEFINIR;LATTAFA YARA ELIXIR EDP 100 ML MUJER ;NUEVO; $27.521 ; $26.521 
POR DEFINIR;MAISON ALHAMBRA FORBIDDEN LOVE EDP 30 ML UNISEX ;; $8.622 ; $7.622 
POR DEFINIR;MAISON ALHAMBRA GLACIER GOLD EDP 100 ML HOMBRE ;; $14.076 ; $13.076 
POR DEFINIR;MAISON ALHAMBRA JORGE DI PROFUMO DEEP BLUE EDP 30 ML HOMBRE ;; $8.613 ; $7.613 
POR DEFINIR;MAISON ALHAMBRA JUBILANT VITALITY EDP 100 ML  HOMBRE ;; $14.412 ; $13.412 
POR DEFINIR;MAISON ALHAMBRA KINGSMAN EDP 30 ML HOMBRE ;; $8.613 ; $7.613 
POR DEFINIR;MAISON ALHAMBRA LEONIE INTENSE EDP 30ML ;; $8.697 ; $7.697 
POR DEFINIR;MAISON ALHAMBRA LOVE SPARK EDP 80 ML UNISEX ;; $16.092 ; $15.092 
POR DEFINIR;MAISON ALHAMBRA PERFUME MIST ALIVE NOW 250 ML ;; $10.126 ; $9.126 
POR DEFINIR;MAISON ALHAMBRA PERFUME MIST B.A.D FEMME 250 ML ;; $10.126 ; $9.126 
POR DEFINIR;MAISON ALHAMBRA PERFUME MIST CHANTS 250 ML ;; $10.126 ; $9.126 
POR DEFINIR;MAISON ALHAMBRA PERFUME MIST DELILAH POUR FEMME 250 ML ;; $10.126 ; $9.126 
POR DEFINIR;MAISON ALHAMBRA PERFUME MIST GLACIER BELLA 250 ML ;; $10.126 ; $9.126 
POR DEFINIR;MAISON ALHAMBRA PERFUME MIST INTRUDE 250 ML ;; $10.126 ; $9.126 
POR DEFINIR;MAISON ALHAMBRA PERFUME MIST LA VOIE 250 ML ;; $10.126 ; $9.126 
POR DEFINIR;MAISON ALHAMBRA PERFUME MIST OPERA NOIR 250 ML ;; $10.126 ; $9.126 
POR DEFINIR;MAISON ALHAMBRA PERFUME MIST SO CANDID 250 ML ;; $10.126 ; $9.126 
POR DEFINIR;MAISON ALHAMBRA VICTORIOSO NERO EDP 30 ML HOMBRE ;; $8.613 ; $7.613 
POR DEFINIR;MAISON ALHAMBRA YOUR TOUCH EXTRAIT EDP 100 ML HOMBRE ;; $14.412 ; $13.412 
POR DEFINIR;MARC JACOB DAISY POP LIMITED EDITION 50 ML EDT ;; $63.992 ; $62.992 
POR DEFINIR;MARYAJ SULTAN FORTUNE 100ML HOMBRE ;; $14.084 ; $13.084 
POR DEFINIR;MARYAJ SULTAN GEMS 100ML UNISEX ;; $14.496 ; $13.496 
POR DEFINIR;MARYAJ SULTAN SECRET 100ML HOMBRE ;; $16.605 ; $15.605 
POR DEFINIR;MIRADA TOGETHER WITH YOU ALWAYS EDP 100 ML HOMBRE ;; $11.975 ; $10.975 
POR DEFINIR;MIRADA TOGETHER WITH YOU AMBER EDP 100 ML HOMBRE ;; $11.975 ; $10.975 
POR DEFINIR;MIRADA TOGETHER WITH YOU EDP 100 ML HOMBRE ;; $11.975 ; $10.975 
POR DEFINIR;MUGLER A-MEN STELLAR EDP LUMINEUSE 100 ML HOMBRE ;; $63.908 ; $62.908 
POR DEFINIR;MUGLER ANGEL STELLAR EDP LUMINEUSE 100 ML MUJER ;; $93.992 ; $92.992 
POR DEFINIR;MUGLER ANGEL STELLAR EDP LUMINEUSE 25 ML MUJER ;NUEVO; $93.992 ; $92.992 
POR DEFINIR;MUGLER ANGEL STELLAR EDP LUMINEUSE 50 ML MUJER ;; $73.992 ; $72.992 
POR DEFINIR;PACO RABANNE INVICTUS VICTORY ELIXIR PARFUM INTENSE 100 ML HOMBRE ;; $82.983 ; $81.983 
POR DEFINIR;PACO RABANNE MILLION GOLD EDP INTENSE 100 ML HOMBRE ;; $81.303 ; $80.303 
POR DEFINIR;PARIS CORNER EAU DE BLANC POUR HOMME EDP 100 ML ;; $15.756 ; $14.756 
POR DEFINIR;PARIS CORNER EMIR VOUX ZESTE EDP 100 ML MUJER ;; $17.437 ; $16.437 
POR DEFINIR;PARIS CORNER KHAIR EDP 100 ML HOMBRE ;; $16.933 ; $15.933 
POR DEFINIR;PARIS CORNER KHAIR FELICITY EDP 100 ML ;; $16.597 ; $15.597 
POR DEFINIR;PERFUME 212 NYC EDT 200ML ;; $95.336 ; $94.336 
POR DEFINIR;PRADA CANDY EDP 80 ML MUJER ;; $92.227 ; $91.227 
POR DEFINIR;PRADA LUNA ROSA MUJER 100 ML EDT ;; $75.420 ; $74.420 
POR DEFINIR;PRADA LUNA ROSA OCEAN LE PARFUM 100 ML HOMBRE ;NUEVO; $92.227 ; $91.227 
POR DEFINIR;RALPH LAUREN POLO DEEP BLUE PARFUM 125 ML HOMBRE ;NUEVO; $52.731 ; $51.731 
POR DEFINIR;RALPH LAUREN POLO RED EDT 200 ML HOMBRE ;; $68.361 ; $67.361 
POR DEFINIR;RALPH LAUREN RALPH'S CLUB NEW YORK EDP 110 ML HOMBRE ;; $68.697 ; $67.697 
POR DEFINIR;RALPH LAUREN SET POLO BLUE EDT 125 ML + 40 ML + DEO 75 ML  HOMBRE ;; $62.815 ; $61.815 
POR DEFINIR;RALPH LAUREN SET POLO BLUE EDT 125 ML + 40 ML + DEP 75 ML HOMBRE ;; $172.067 ; $171.067 
POR DEFINIR;RASASI HAWAS FOR HER PINK EDP 100 ML MUJER ;; $36.765 ; $35.765 
POR DEFINIR;REFILL DOLCE & GABBANA LIGHT BLUE EDT 100 ML MUJER ;; $48.529 ; $47.529 
POR DEFINIR;SET AZZARO WANTED FOREVER ELIXIR PARFUM 100 ML + 2x10 ML HOMBRE ;; $103.992 ; $102.992 
POR DEFINIR;SET GIORGIO ARMANI MY WAY EDP 30 ML + 10 ML MUJER ;NUEVO; $38.445 ; $37.445 
POR DEFINIR;SET GIORGIO ARMANI MY WAY EDP 90 ML + 10 ML + BL 50 ML MUJER ;NUEVO; $82.983 ; $81.983 
POR DEFINIR;SET JO MILANO GAME OF SPADES EXCLUSIVE BONUS 100 ML + FULL HOUSE 100 ML UNISEX ;; $95.588 ; $94.588 
POR DEFINIR;SET LATTAFA MY YARA COLLECTION 25 ML X 4 MUJER ;NUEVO; $29.202 ; $28.202 
POR DEFINIR;SET MUGLER ANGEL EDP 25 ML + SG 50 ML + BL 50 ML MUJER ;; $43.992 ; $42.992 
POR DEFINIR;TESTER 9 PM ELIXIR INTENSE PARFUM 100 ML ;; $27.101 ; $26.101 
POR DEFINIR;TESTER ADOLFO DOMINGUEZ FRESIA SOLAR EDP 120 ML MUJER ;NUEVO; $11.000 ; $10.000 
POR DEFINIR;TESTER ADOLFO DOMINGUEZ IRIS VAINILLA EDP 120 ML MUJER ;NUEVO; $11.000 ; $10.000 
POR DEFINIR;TESTER ADOLFO DOMINGUEZ JAZMIN TONKA EDP 120 ML MUJER ;NUEVO; $11.000 ; $10.000 
POR DEFINIR;TESTER AGATHA RUIZ DE LA PRADA GOTAS DE COLOR EDT 100 ML MUJER ;; $14.076 ; $13.076 
POR DEFINIR;TESTER AGATHA RUIZ DE LA PRADA LOOK GOLD EDT 80 ML MUJER ;NUEVO; $12.500 ; $11.500 
POR DEFINIR;TESTER ANTONIO BANDERAS BLACK SEDUCTION EDT 100 ML HOMBRE ;NUEVO; $12.500 ; $11.500 
POR DEFINIR;TESTER ANTONIO BANDERAS BLUE SEDUCTION EDT 80 ML MUJER ;NUEVO; $12.500 ; $11.500 
POR DEFINIR;TESTER ANTONIO BANDERAS DIAVOLO EDT 100 ML HOMBRE ;NUEVO; $9.800 ; $8.800 
POR DEFINIR;TESTER ANTONIO BANDERAS HER SECRET ABSOLU EDP 80 ML MUJER ;NUEVO; $12.500 ; $11.500 
POR DEFINIR;TESTER ANTONIO BANDERAS HER SECRET DESIRE EDT 80 ML MUJER ;; $14.076 ; $13.076 
POR DEFINIR;TESTER ANTONIO BANDERAS KING OF SEDUCTION ABSOLUTE EDT 100 ML HOMBRE ;NUEVO; $12.500 ; $11.500 
POR DEFINIR;TESTER ANTONIO BANDERAS KING OF SEDUCTION EDT 100 ML HOMBRE ;NUEVO; $12.500 ; $11.500 
POR DEFINIR;TESTER ANTONIO BANDERAS POWER OF SEDUCTION EDT 100 ML HOMBRE ;NUEVO; $10.500 ; $9.500 
POR DEFINIR;TESTER ANTONIO BANDERAS THE GOLDEN SECRET EDT 100 ML HOMBRE ;; $14.076 ; $13.076 
POR DEFINIR;TESTER ANTONIO BANDERAS THE ICON EDP 100 ML HOMBRE ;NUEVO; $12.500 ; $11.500 
POR DEFINIR;TESTER ANTONIO BANDERAS THE ICON SUPREME EDP INTENSE 100 ML HOMBRE ;NUEVO; $12.500 ; $11.500 
POR DEFINIR;TESTER ANTONIO BANDERAS THE SECRET ABSOLU EDP 100 ML HOMBRE ;NUEVO; $12.500 ; $11.500 
POR DEFINIR;TESTER ANTONIO BANDERAS THE SECRET EDT 100 ML HOMBRE ;; $12.500 ; $11.500 
POR DEFINIR;TESTER ANTONIO PUIG AGUA BRAVA EDC 100 ML HOMBRE ;; $10.000 ; $9.000 
POR DEFINIR;TESTER CAROLINA HERRERA 212 HEROES FOREVER YOUNG EDP 80 ML MUJER ;; $68.000 ; $67.000 
POR DEFINIR;TESTER CAROLINA HERRERA 212 MEN HEROES FOREVER YOUNG EDT 90 ML ;; $62.000 ; $61.000 
POR DEFINIR;TESTER CAROLINA HERRERA 212 VIP EDT 100 ML HOMBRE ;; $51.050 ; $50.050 
POR DEFINIR;TESTER CAROLINA HERRERA BAD BOY EDP EXTREME 100 ML HOMBRE ;NUEVO; $62.000 ; $61.000 
POR DEFINIR;TESTER CAROLINA HERRERA BAD BOY EDT 100 ML HOMBRE ;NUEVO; $59.000 ; $58.000 
POR DEFINIR;TESTER CAROLINA HERRERA CH EDT 100 ML MUJER ;; $54.412 ; $53.412 
POR DEFINIR;TESTER CAROLINA HERRERA LA BOMBA EDP 80 ML MUJER ;NUEVO; $87.185 ; $86.185 
POR DEFINIR;TESTER DOLCE & GABBANA THE ONLY ONE EDP 100 ML ;; $43.908 ; $42.908 
POR DEFINIR;TESTER GIORGIO ARMANI MY WAY NECTAR EDP 90 ML MUJER ;; $60.000 ; $59.000 
POR DEFINIR;TESTER ISSEY MIYAKE L'EAU D'ISSEY EDT 100 ML MUJER ;; $25.840 ; $24.840 
POR DEFINIR;TESTER LANCÔME LA NUIT TRÉSOR EDP 75 ML MUJER ;; $59.000 ; $58.000 
POR DEFINIR;TESTER LANCÔME TRÉSOR EDP 100 ML MUJER ;; $60.000 ; $59.000 
POR DEFINIR;TESTER PACO RABANNE INVICTUS VICTORY EDP EXTREME 100 ML HOMBRE ;; $59.000 ; $58.000 
POR DEFINIR;TESTER PACO RABANNE MILLION GOLD ELIXIR PARFUM INTENSE 100 ML HOMBRE ;; $64.000 ; $63.000 
POR DEFINIR;TESTER PACO RABANNE ONE MILLION EDT 100 ML HOMBRE ;; $56.000 ; $55.000 
POR DEFINIR;TESTER RALPH LAUREN POLO EST. 67 EDT 125 ML HOMBRE ;; $49.000 ; $48.000 
POR DEFINIR;TESTER YSL BLACK OPIUM EDP 90 ML MUJER ;; $72.000 ; $71.000 
POR DEFINIR;TESTER YVES SAINT LAURENT Y EDT 100 ML HOMBRE ;; $62.000 ; $61.000 
POR DEFINIR;TOUS LOVEME EDP 90 ML UNISEX ;; $40.714 ; $39.714 
POR DEFINIR;VALENTINO DONNA BORN IN ROMA GREEN STRAVAGANZA EDP 100 ML MUJER ;; $100.210 ; $99.210 
POR DEFINIR;VALENTINO DONNA BORN IN ROMA YELLOW DREAM EDP 100 ML MUJER ;; $87.605 ; $86.605 
POR DEFINIR;VALENTINO UOMO BORN IN ROMA YELLOW DREAM EDT 100 ML HOMBRE ;; $78.361 ; $77.361 
POR DEFINIR;VERSACE EROS FLAME EDP 200 ML HOMBRE ;; $66.513 ; $65.513 
POR DEFINIR;VIKTOR & ROLF SPICEBOMB METALLIC MUSK EDP 50 ML HOMBRE ;; $65.336 ; $64.336 
POR DEFINIR;VIKTOR & ROLF SPICEBOMB METALLIC MUSK EDP 90 ML HOMBRE ;; $83.824 ; $82.824 
Puig;ANTONIO PUIG AQUA QUORUM EDT 100 ML ;; $14.076 ; $13.076 
QUORUM;ANTONIO PIUG QUORUM SILVER MAN 100ML EDT ;; $13.076 ; $12.076 
Quorum;QUORUM 100ML EDT ;; $14.076 ; $13.076 
RALPH LAUREN;RALPH LAUREN CLUB ELIXIR 75ML EDP HOMBRE ;; $46.017 ; $45.017 
Ralph Lauren;RALPH LAUREN POLO 67 125ML EDT ;; $62.815 ; $61.815 
RALPH LAUREN;RALPH LAUREN POLO BLUE EDT 75ML HOMBRE ;; $45.168 ; $44.168 
Ralph Lauren;RALPH LAUREN POLO BLUE MAN 125 ML EDT ;; $58.613 ; $57.613 
Ralph Lauren;RALPH LAUREN POLO RED MAN 125ML EDT ;; $36.597 ; $35.597 
Ralph Lauren;RALPH LAURENT RALPH CALIPSO 100ML EDT ;NUEVO; $46.176 ; $45.176 
Ralph Lauren;TESTER RALPH LAUREN POLO RED RUSH MAN 125ML EDT ;NUEVO; $40.882 ; $39.882 
Rasasi;RASASI AIYARA MUJER EDP 100 ML ;NUEVO; $19.546 ; $18.546 
Rasasi;RASASI BORN TO WIN POUR HOMME 100 ML EDP ;NUEVO; $25.008 ; $24.008 
Rasasi;RASASI EGRA HOMBRE 100 ML EDP ;; $19.546 ; $18.546 
Rasasi;RASASI EGRA MUJER EDP 100ML ;; $19.546 ; $18.546 
RASASI;RASASI HAWAS FOR HIM 100ML EDP ;; $21.639 ; $20.639 
RASASI;RASASI HAWAS ICE 100ML EDP ;; $33.824 ; $32.824 
Rasasi;RASASI LATUQAWAM WOMAN 75ML EDP ;NUEVO; $36.580 ; $35.580 
Rasasi;RASASI MARHA MEN 100 ML EDP ;NUEVO; $19.546 ; $18.546 
Rasasi;RASASI SORYANI HOMBRE EDP 100ML ;; $20.807 ; $19.807 
Rasasi;RASASI SORYANI MUJER 100 ML EDP ;; $20.807 ; $19.807 
RAYHAAN;RAYHAAN ELIXIR EDP (DUPE LE MALE ELIXIR) 100ML ;NUEVO; $25.849 ; $24.849 
Sin categorizar;FRAGRANCE WORLD CHAMPION MONEY EDP 80 ML  HOMBRE ;NUEVO; $20.807 ; $19.807 
THIERRY MUGLER;SET THIERRY MUGLER ANGEL PARFUM 50ML + 10ML MUJER ;NUEVO; $63.992 ; $62.992 
Thierry Mugler;THIERRY MUGLER A MAN MUGLER MAN 100ML EDT ;; $43.403 ; $42.403 
THIERRY MUGLER;THIERRY MUGLER A MEN FANTASM 100 ML EDP ;; $58.622 ; $57.622 
Thierry Mugler;THIERRY MUGLER ALIEN GODDESS PARFUM MUJER 30 ML EDP ;; $33.403 ; $32.403 
THIERRY MUGLER;THIERRY MUGLER ALIEN HYPERSENSE PARFUM MUJER 90ML EDP ;; $71.218 ; $70.218 
THIERRY MUGLER;THIERRY MUGLER ALIEN MUGLER TALISMAN PARFUM 60 ML EDP ;NUEVO; $46.017 ; $45.017 
THIERRY MUGLER;THIERRY MUGLER ALIEN MUJER 90ML EDP ;; $83.992 ; $82.992 
THIERRY MUGLER;THIERRY MUGLER ANGEL ELIXIR MUJER RECARGABLE 100ML EDP ;; $83.992 ; $82.992 
THIERRY MUGLER;THIERRY MUGLER ANGEL FANTASM PARFUM 100ML MUJER ;; $96.437 ; $95.437 
Thierry Mugler;THIERRY MUGLER ANGEL MUGLER 25 ML EDP ;; $83.992 ; $82.992 
THIERRY MUGLER;THIERRY MUGLER ANGEL NOVA PARFUM MUJER 50ML EDP ;; $57.496 ; $56.496 
THIERRY MUGLER;THIERRY MUGLER ELIXIR PARFUM MUJER 50ML EDP ;; $73.992 ; $72.992 
Tom Ford;TOM FORD TUSCAN LEATHER PARFUM 50ML EDP ;NUEVO; $180.471 ; $179.471 
Tommy Hilfiger;TOMMY GIRL FOREVER EDT 100 ML ;NUEVO; $29.210 ; $28.210 
TOMMY HILFIGER;TOMMY HILFIGER GIRL 200ML EDT ;; $31.723 ; $30.723 
Tommy Hilfiger;TOMMY HILFIGER GIRL SIN CELOFAN 100ML EDT ;; $25.840 ; $24.840 
Tommy Hilfiger;TOMMY HILFIGER MAN 200ML EDT ;; $32.143 ; $31.143 
Tommy Hilfiger;TOMMY HILFIGER MAN SIN CELOFAN 100 ML EDT ;NUEVO; $25.000 ; $24.000 
Versace;TESTER VERSACE EROS MAN 100ML EDT (CON TAPA) ;; $35.084 ; $34.084 
VERSACE;VERSACE BRIGHT CRYSTAL WOMAN 90ML EDT ;; $46.857 ; $45.857 
VERSACE;VERSACE EROS ENERGY POUR HOMME EDP 100 ML ;; $56.849 ; $55.849 
Versace;VERSACE EROS MAN 100ML EDP ;; $57.773 ; $56.773 
VERSACE;VERSACE EROS PARFUM HOMBRE 100 ML EDP ;; $59.462 ; $58.462 
VERSACE;VERSACE POUR HOMME  200ML EDT ;; $60.294 ; $59.294 
VICTORIA SECRET;VICTORIA SECRET CREMA LOVE SPELL 236ML ;; $15.765 ; $14.765 
Victoria Secret;VICTORIA SECRET LOVE ADDICT MUJER 250 ML LOCION ;; $14.496 ; $13.496 
VICTORINOX;VICTORINOX ALTITUDE MAN 100ML EDP ;; $22.479 ; $21.479 
VIKTOR AND ROLF;SET VIKTOR AND ROLF FLOWERBOMB 100 ML + 10 ML ;; $63.992 ; $62.992 
VIKTOR AND ROLF;SET VIKTOR AND ROLF FLOWERBOMB 100 ML + 10 ML + 200 ML SG ;; $63.992 ; $62.992 
VIKTOR AND ROLF;SET VIKTOR AND ROLF FLOWERBOMB 50ML + 10ML EDP ;; $67.017 ; $66.017 
VIKTOR AND ROLF;SET VIKTOR AND ROLF SPICEBOMB EDT 90ML + 20ML ;; $54.412 ; $53.412 
VIKTOR AND ROLF;VIKTOR AND ROLD FLOWERBOMB RUBY ORCHID MUJER 30ML EDP ;; $32.571 ; $31.571 
VIKTOR AND ROLF;VIKTOR AND ROLD GOOD FORTUNE MUJER 90ML EDP ;; $50.218 ; $49.218 
VIKTOR AND ROLF;VIKTOR AND ROLD SPICEBOMB INFRARED HOMBRE 50ML EDT ;; $38.454 ; $37.454 
VIKTOR AND ROLF;VIKTOR AND ROLF DARK LEATHER HOMBRE PARFUM 90ML ;; $69.546 ; $68.546 
VIKTOR AND ROLF;VIKTOR AND ROLF FLOWERBOMB EXTREME 50 ML MUJER ;NUEVO; $63.992 ; $62.992 
VIKTOR AND ROLF;VIKTOR AND ROLF FLOWERBOMB MUJER 30ML EDP ;; $34.252 ; $33.252 
VIKTOR AND ROLF;VIKTOR AND ROLF GOOD FORTUNE MUJER 30ML EDP ;; $34.252 ; $33.252 
VIKTOR AND ROLF;VIKTOR AND ROLF SPICEBOMB MAN 50ML EDT ;; $43.992 ; $42.992 
VIKTOR AND ROLF;VIKTOR ANDA ROLF SPICEBOMB DARK LEATHER PARFUM 50ML HOMBRE ;; $41.815 ; $40.815 
VIKTOR AND ROLF;VIKTOR ROLF SPICEBOMB POUR HOMME 90ML EDT ;NUEVO; $58.622 ; $57.622 
VIKTOR AND ROLF;VR FLOWERBOMB EXTREME EDP INTENSE 100ML ;; $58.622 ; $57.622 
VOLARE;Volaré Gladiator Twilight Le Beau EDP 100 ml ;; $19.546 ; $18.546 
VOLARE;Volaré Gladiator Twilight Le Male EDP 100 ml ;; $19.546 ; $18.546 
Volaré;Volaré Gladiator Twilight Parfum EDP 100 ml ;; $19.126 ; $18.126 
Yves Saint Laurent;YVES SAINT LAUREN MYSLF 60 ML EDP ;; $67.857 ; $66.857 
Yves Saint Laurent;YVES SAINT LAURENT ''Y'' EAU DE TOILETTE 100 ML ;; $70.378 ; $69.378 
YVES SAINT LAURENT;YVES SAINT LAURENT BLACK OPIUM ''LE PARFUM'' 90ML ;; $85.504 ; $84.504 
YVES SAINT LAURENT;YVES SAINT LAURENT Y ''LE PARFUM'' HOMBRE 100ML ;; $87.613 ; $86.613 
Yves Saint Laurent;YVES SAINT LAURENT Y 100 ML EDP INTENSE ;; $76.261 ; $75.261 
YVES SAINT LAURENT;YVEST SAINT LAURENT LIBRE PARFUM INTENSE 90ML ;; $85.504 ; $84.504 
